#
# There is insufficient memory for the Java Runtime Environment to continue.
# Native memory allocation (mmap) failed to map 473956352 bytes for G1 virtual space
# Possible reasons:
#   The system is out of physical RAM or swap space
#   The process is running with CompressedOops enabled, and the Java Heap may be blocking the growth of the native heap
# Possible solutions:
#   Reduce memory load on the system
#   Increase physical memory or swap space
#   Check if swap backing store is full
#   Decrease Java heap size (-Xmx/-Xms)
#   Decrease number of Java threads
#   Decrease Java thread stack sizes (-Xss)
#   Set larger code cache with -XX:ReservedCodeCacheSize=
#   JVM is running with Zero Based Compressed Oops mode in which the Java heap is
#     placed in the first 32GB address space. The Java Heap base address is the
#     maximum limit for the native heap growth. Please use -XX:HeapBaseMinAddress
#     to set the Java Heap base and to place the Java Heap above 32GB virtual address.
# This output file may be truncated or incomplete.
#
#  Out of Memory Error (os_windows.cpp:3530), pid=401232, tid=406732
#
# JRE version: Java(TM) SE Runtime Environment (18.0.1+10) (build 18.0.1+10-24)
# Java VM: Java HotSpot(TM) 64-Bit Server VM (18.0.1+10-24, mixed mode, sharing, tiered, compressed oops, compressed class ptrs, g1 gc, windows-amd64)
# No core dump will be written. Minidumps are not enabled by default on client versions of Windows
#

---------------  S U M M A R Y ------------

Command Line: -javaagent:D:\Program Files\JetBrains\IntelliJ IDEA 2023.1\lib\idea_rt.jar=61994:D:\Program Files\JetBrains\IntelliJ IDEA 2023.1\bin -Dfile.encoding=UTF-8 -Dsun.stdout.encoding=UTF-8 -Dsun.stderr.encoding=UTF-8 Q51n皇后

Host: 12th Gen Intel(R) Core(TM) i7-12700H, 20 cores, 31G,  Windows 11 , 64 bit Build 22621 (10.0.22621.4391)
Time: Sat Dec 14 12:21:24 2024  Windows 11 , 64 bit Build 22621 (10.0.22621.4391) elapsed time: 42.022621 seconds (0d 0h 0m 42s)

---------------  T H R E A D  ---------------

Current thread (0x0000024d36ea9430):  VMThread "VM Thread" [stack: 0x000000b20ac00000,0x000000b20ad00000] [id=406732]

Stack: [0x000000b20ac00000,0x000000b20ad00000]
Native frames: (J=compiled Java code, j=interpreted, Vv=VM code, C=native code)
V  [jvm.dll+0x69887a]
V  [jvm.dll+0x7f38bd]
V  [jvm.dll+0x7f51ce]
V  [jvm.dll+0x7f5883]
V  [jvm.dll+0x25ca3f]
V  [jvm.dll+0x6957c9]
V  [jvm.dll+0x68a2fa]
V  [jvm.dll+0x321efb]
V  [jvm.dll+0x3298d6]
V  [jvm.dll+0x37e47e]
V  [jvm.dll+0x37e6af]
V  [jvm.dll+0x2f9c7a]
V  [jvm.dll+0x2fca76]
V  [jvm.dll+0x306ee5]
V  [jvm.dll+0x33bff0]
V  [jvm.dll+0x7fa66b]
V  [jvm.dll+0x7fb404]
V  [jvm.dll+0x7fb93c]
V  [jvm.dll+0x7fbd94]
V  [jvm.dll+0x7fbe57]
V  [jvm.dll+0x7a03ea]
V  [jvm.dll+0x697725]
C  [ucrtbase.dll+0x29333]
C  [KERNEL32.DLL+0x1259d]
C  [ntdll.dll+0x5af38]

VM_Operation (0x000000b20a8ff770): G1Concurrent, mode: safepoint, requested by thread 0x0000024d0c9fbbc0


---------------  P R O C E S S  ---------------

Threads class SMR info:
_java_thread_list=0x0000024d3e385810, length=13, elements={
0x0000024d0c978ab0, 0x0000024d36eabdf0, 0x0000024d36eaca50, 0x0000024d3e010630,
0x0000024d3e010fd0, 0x0000024d3e011970, 0x0000024d3e012310, 0x0000024d3e0133f0,
0x0000024d3e015c80, 0x0000024d3e01d7d0, 0x0000024d3e1458e0, 0x0000024d3e215670,
0x0000024d3e215b30
}

Java Threads: ( => current thread )
  0x0000024d0c978ab0 JavaThread "main" [_thread_blocked, id=404796, stack(0x000000b20a600000,0x000000b20a700000)]
  0x0000024d36eabdf0 JavaThread "Reference Handler" daemon [_thread_blocked, id=408572, stack(0x000000b20ad00000,0x000000b20ae00000)]
  0x0000024d36eaca50 JavaThread "Finalizer" daemon [_thread_blocked, id=402064, stack(0x000000b20ae00000,0x000000b20af00000)]
  0x0000024d3e010630 JavaThread "Signal Dispatcher" daemon [_thread_blocked, id=362412, stack(0x000000b20af00000,0x000000b20b000000)]
  0x0000024d3e010fd0 JavaThread "Attach Listener" daemon [_thread_blocked, id=408124, stack(0x000000b20b000000,0x000000b20b100000)]
  0x0000024d3e011970 JavaThread "Service Thread" daemon [_thread_blocked, id=403788, stack(0x000000b20b100000,0x000000b20b200000)]
  0x0000024d3e012310 JavaThread "Monitor Deflation Thread" daemon [_thread_blocked, id=396996, stack(0x000000b20b200000,0x000000b20b300000)]
  0x0000024d3e0133f0 JavaThread "C2 CompilerThread0" daemon [_thread_blocked, id=395664, stack(0x000000b20b300000,0x000000b20b400000)]
  0x0000024d3e015c80 JavaThread "C1 CompilerThread0" daemon [_thread_blocked, id=398312, stack(0x000000b20b400000,0x000000b20b500000)]
  0x0000024d3e01d7d0 JavaThread "Sweeper thread" daemon [_thread_blocked, id=406784, stack(0x000000b20b500000,0x000000b20b600000)]
  0x0000024d3e1458e0 JavaThread "Common-Cleaner" daemon [_thread_blocked, id=402540, stack(0x000000b20b700000,0x000000b20b800000)]
  0x0000024d3e215670 JavaThread "Monitor Ctrl-Break" daemon [_thread_in_native, id=371592, stack(0x000000b20ba00000,0x000000b20bb00000)]
  0x0000024d3e215b30 JavaThread "Notification Thread" daemon [_thread_blocked, id=408504, stack(0x000000b20bb00000,0x000000b20bc00000)]

Other Threads:
=>0x0000024d36ea9430 VMThread "VM Thread" [stack: 0x000000b20ac00000,0x000000b20ad00000] [id=406732]
  0x0000024d3e211570 WatcherThread "VM Periodic Task Thread" [stack: 0x000000b20bc00000,0x000000b20bd00000] [id=403840]
  0x0000024d36d00b00 WorkerThread "GC Thread#0" [stack: 0x000000b20a700000,0x000000b20a800000] [id=405468]
  0x0000024d3e38f830 WorkerThread "GC Thread#1" [stack: 0x000000b20b900000,0x000000b20ba00000] [id=399028]
  0x0000024d3e38fad0 WorkerThread "GC Thread#2" [stack: 0x000000b20be00000,0x000000b20bf00000] [id=407404]
  0x0000024d3e38fd70 WorkerThread "GC Thread#3" [stack: 0x000000b20bf00000,0x000000b20c000000] [id=403984]
  0x0000024d3e61fde0 WorkerThread "GC Thread#4" [stack: 0x000000b20c000000,0x000000b20c100000] [id=387348]
  0x0000024d3e620080 WorkerThread "GC Thread#5" [stack: 0x000000b20c100000,0x000000b20c200000] [id=407508]
  0x0000024d3e635440 WorkerThread "GC Thread#6" [stack: 0x000000b20c200000,0x000000b20c300000] [id=406076]
  0x0000024d3e6356e0 WorkerThread "GC Thread#7" [stack: 0x000000b20c300000,0x000000b20c400000] [id=405620]
  0x0000024d3e635980 WorkerThread "GC Thread#8" [stack: 0x000000b20c400000,0x000000b20c500000] [id=408080]
  0x0000024d3e6360a0 WorkerThread "GC Thread#9" [stack: 0x000000b20c500000,0x000000b20c600000] [id=407668]
  0x0000024d3e26d540 WorkerThread "GC Thread#10" [stack: 0x000000b20c600000,0x000000b20c700000] [id=408160]
  0x0000024d3e26dc60 WorkerThread "GC Thread#11" [stack: 0x000000b20c700000,0x000000b20c800000] [id=405188]
  0x0000024d3e2f3b50 WorkerThread "GC Thread#12" [stack: 0x000000b20d400000,0x000000b20d500000] [id=397984]
  0x0000024d3e615e50 WorkerThread "GC Thread#13" [stack: 0x000000b20d500000,0x000000b20d600000] [id=407524]
  0x0000024d3e615130 WorkerThread "GC Thread#14" [stack: 0x000000b20d600000,0x000000b20d700000] [id=390400]
  0x0000024d0c9fbbc0 ConcurrentGCThread "G1 Main Marker" [stack: 0x000000b20a800000,0x000000b20a900000] [id=405416]
  0x0000024d0c9fc5b0 WorkerThread "G1 Conc#0" [stack: 0x000000b20a900000,0x000000b20aa00000] [id=390092]
  0x0000024d3e282df0 WorkerThread "G1 Conc#1" [stack: 0x000000b20d100000,0x000000b20d200000] [id=404596]
  0x0000024d0c984b90 WorkerThread "G1 Conc#2" [stack: 0x000000b20d200000,0x000000b20d300000] [id=405148]
  0x0000024d3e14fbc0 WorkerThread "G1 Conc#3" [stack: 0x000000b20d300000,0x000000b20d400000] [id=405700]
  0x0000024d0ca2e350 ConcurrentGCThread "G1 Refine#0" [stack: 0x000000b20aa00000,0x000000b20ab00000] [id=405664]
  0x0000024d3e26df00 ConcurrentGCThread "G1 Refine#1" [stack: 0x000000b20c800000,0x000000b20c900000] [id=385192]
  0x0000024d3e46efd0 ConcurrentGCThread "G1 Refine#2" [stack: 0x000000b20c900000,0x000000b20ca00000] [id=407920]
  0x0000024d3e470380 ConcurrentGCThread "G1 Refine#3" [stack: 0x000000b20ca00000,0x000000b20cb00000] [id=407292]
  0x0000024d3e46f840 ConcurrentGCThread "G1 Refine#4" [stack: 0x000000b20cb00000,0x000000b20cc00000] [id=405852]
  0x0000024d3e470650 ConcurrentGCThread "G1 Refine#5" [stack: 0x000000b20cc00000,0x000000b20cd00000] [id=399976]
  0x0000024d3e46ea30 ConcurrentGCThread "G1 Refine#6" [stack: 0x000000b20cd00000,0x000000b20ce00000] [id=401856]
  0x0000024d3e46fb10 ConcurrentGCThread "G1 Refine#7" [stack: 0x000000b20ce00000,0x000000b20cf00000] [id=404060]
  0x0000024d3e46ed00 ConcurrentGCThread "G1 Refine#8" [stack: 0x000000b20cf00000,0x000000b20d000000] [id=404896]
  0x0000024d3e4700b0 ConcurrentGCThread "G1 Refine#9" [stack: 0x000000b20d000000,0x000000b20d100000] [id=391940]
  0x0000024d3e46fde0 ConcurrentGCThread "G1 Refine#10" [stack: 0x000000b20b600000,0x000000b20b700000] [id=403520]
  0x0000024d0ca2ec60 ConcurrentGCThread "G1 Service" [stack: 0x000000b20ab00000,0x000000b20ac00000] [id=406908]

Threads with active compile tasks:
C2 CompilerThread0    42045  382 %     4       java.lang.StringLatin1::inflate @ 3 (34 bytes)

VM state: at safepoint (normal execution)

VM Mutex/Monitor currently owned by a thread:  ([mutex/lock_event])
[0x0000024d0c973fb0] Threads_lock - owner thread: 0x0000024d36ea9430
[0x0000024d0c974040] Heap_lock - owner thread: 0x0000024d0c9fbbc0

Heap address: 0x0000000603000000, size: 8144 MB, Compressed Oops mode: Zero based, Oop shift amount: 3

CDS archive(s) mapped at: [0x0000000800000000-0x0000000800ba0000-0x0000000800ba0000), size 12189696, SharedBaseAddress: 0x0000000800000000, ArchiveRelocationMode: 0.
Compressed class space mapped at: 0x0000000800c00000-0x0000000840c00000, reserved size: 1073741824
Narrow klass base: 0x0000000800000000, Narrow klass shift: 0, Narrow klass range: 0x100000000

GC Precious Log:
 CardTable entry size: 512
 Card Set container configuration: InlinePtr #cards 4 size 8 Array Of Cards #cards 32 size 80 Howl #buckets 8 coarsen threshold 7372 Howl Bitmap #cards 1024 size 144 coarsen threshold 921 Card regions per heap region 1 cards per card region 8192
 CPUs: 20 total, 20 available
 Memory: 32560M
 Large Page Support: Disabled
 NUMA Support: Disabled
 Compressed Oops: Enabled (Zero based)
 Heap Region Size: 4M
 Heap Min Capacity: 8M
 Heap Initial Capacity: 512M
 Heap Max Capacity: 8144M
 Pre-touch: Disabled
 Parallel Workers: 15
 Concurrent Workers: 4
 Concurrent Refinement Workers: 15
 Periodic GC: Disabled

Heap:
 garbage-first heap   total 2719744K, used 1897755K [0x0000000603000000, 0x0000000800000000)
  region size 4096K, 2 young (8192K), 1 survivors (4096K)
 Metaspace       used 1131K, committed 1280K, reserved 1114112K
  class space    used 88K, committed 192K, reserved 1048576K

Heap Regions: E=young(eden), S=young(survivor), O=old, HS=humongous(starts), HC=humongous(continues), CS=collection set, F=free, OA=open archive, CA=closed archive, TAMS=top-at-mark-start (previous, next)
|   0|0x0000000603000000, 0x0000000603400000, 0x0000000603400000|100%| O|  |TAMS 0x0000000603400000, 0x0000000603000000| Untracked 
|   1|0x0000000603400000, 0x0000000603800000, 0x0000000603800000|100%| O|  |TAMS 0x0000000603800000, 0x0000000603400000| Untracked 
|   2|0x0000000603800000, 0x0000000603c00000, 0x0000000603c00000|100%| O|  |TAMS 0x0000000603c00000, 0x0000000603800000| Untracked 
|   3|0x0000000603c00000, 0x0000000604000000, 0x0000000604000000|100%| O|  |TAMS 0x0000000604000000, 0x0000000603c00000| Untracked 
|   4|0x0000000604000000, 0x0000000604400000, 0x0000000604400000|100%| O|  |TAMS 0x0000000604400000, 0x0000000604000000| Untracked 
|   5|0x0000000604400000, 0x0000000604800000, 0x0000000604800000|100%| O|  |TAMS 0x0000000604800000, 0x0000000604400000| Untracked 
|   6|0x0000000604800000, 0x0000000604c00000, 0x0000000604c00000|100%| O|  |TAMS 0x0000000604c00000, 0x0000000604800000| Untracked 
|   7|0x0000000604c00000, 0x0000000605000000, 0x0000000605000000|100%| O|  |TAMS 0x0000000605000000, 0x0000000604c00000| Untracked 
|   8|0x0000000605000000, 0x0000000605400000, 0x0000000605400000|100%| O|  |TAMS 0x0000000605400000, 0x0000000605000000| Updating 
|   9|0x0000000605400000, 0x0000000605400000, 0x0000000605800000|  0%| F|  |TAMS 0x0000000605400000, 0x0000000605400000| Untracked 
|  10|0x0000000605800000, 0x0000000605800000, 0x0000000605c00000|  0%| F|  |TAMS 0x0000000605800000, 0x0000000605800000| Untracked 
|  11|0x0000000605c00000, 0x0000000606000000, 0x0000000606000000|100%| O|  |TAMS 0x0000000606000000, 0x0000000605c00000| Untracked 
|  12|0x0000000606000000, 0x0000000606400000, 0x0000000606400000|100%| O|  |TAMS 0x0000000606400000, 0x0000000606000000| Untracked 
|  13|0x0000000606400000, 0x0000000606800000, 0x0000000606800000|100%| O|  |TAMS 0x0000000606800000, 0x0000000606400000| Untracked 
|  14|0x0000000606800000, 0x0000000606c00000, 0x0000000606c00000|100%| O|  |TAMS 0x0000000606c00000, 0x0000000606800000| Untracked 
|  15|0x0000000606c00000, 0x0000000607000000, 0x0000000607000000|100%| O|  |TAMS 0x0000000607000000, 0x0000000606c00000| Updating 
|  16|0x0000000607000000, 0x0000000607400000, 0x0000000607400000|100%| O|  |TAMS 0x0000000607400000, 0x0000000607000000| Untracked 
|  17|0x0000000607400000, 0x0000000607800000, 0x0000000607800000|100%| O|  |TAMS 0x0000000607800000, 0x0000000607400000| Untracked 
|  18|0x0000000607800000, 0x0000000607c00000, 0x0000000607c00000|100%| O|  |TAMS 0x0000000607c00000, 0x0000000607800000| Untracked 
|  19|0x0000000607c00000, 0x0000000608000000, 0x0000000608000000|100%| O|  |TAMS 0x0000000608000000, 0x0000000607c00000| Untracked 
|  20|0x0000000608000000, 0x0000000608400000, 0x0000000608400000|100%| O|  |TAMS 0x0000000608400000, 0x0000000608000000| Updating 
|  21|0x0000000608400000, 0x0000000608400000, 0x0000000608800000|  0%| F|  |TAMS 0x0000000608400000, 0x0000000608400000| Untracked 
|  22|0x0000000608800000, 0x0000000608800000, 0x0000000608c00000|  0%| F|  |TAMS 0x0000000608800000, 0x0000000608800000| Untracked 
|  23|0x0000000608c00000, 0x0000000609000000, 0x0000000609000000|100%| O|  |TAMS 0x0000000609000000, 0x0000000608c00000| Untracked 
|  24|0x0000000609000000, 0x0000000609400000, 0x0000000609400000|100%| O|  |TAMS 0x0000000609400000, 0x0000000609000000| Untracked 
|  25|0x0000000609400000, 0x0000000609800000, 0x0000000609800000|100%| O|  |TAMS 0x0000000609800000, 0x0000000609400000| Untracked 
|  26|0x0000000609800000, 0x0000000609c00000, 0x0000000609c00000|100%| O|  |TAMS 0x0000000609c00000, 0x0000000609800000| Untracked 
|  27|0x0000000609c00000, 0x000000060a000000, 0x000000060a000000|100%| O|  |TAMS 0x000000060a000000, 0x0000000609c00000| Untracked 
|  28|0x000000060a000000, 0x000000060a400000, 0x000000060a400000|100%| O|  |TAMS 0x000000060a400000, 0x000000060a000000| Untracked 
|  29|0x000000060a400000, 0x000000060a800000, 0x000000060a800000|100%| O|  |TAMS 0x000000060a800000, 0x000000060a400000| Untracked 
|  30|0x000000060a800000, 0x000000060ac00000, 0x000000060ac00000|100%| O|  |TAMS 0x000000060ac00000, 0x000000060a800000| Untracked 
|  31|0x000000060ac00000, 0x000000060ac00000, 0x000000060b000000|  0%| F|  |TAMS 0x000000060ac00000, 0x000000060ac00000| Untracked 
|  32|0x000000060b000000, 0x000000060b000000, 0x000000060b400000|  0%| F|  |TAMS 0x000000060b000000, 0x000000060b000000| Untracked 
|  33|0x000000060b400000, 0x000000060b800000, 0x000000060b800000|100%| O|  |TAMS 0x000000060b800000, 0x000000060b400000| Untracked 
|  34|0x000000060b800000, 0x000000060bc00000, 0x000000060bc00000|100%| O|  |TAMS 0x000000060bc00000, 0x000000060b800000| Untracked 
|  35|0x000000060bc00000, 0x000000060c000000, 0x000000060c000000|100%| O|  |TAMS 0x000000060c000000, 0x000000060bc00000| Untracked 
|  36|0x000000060c000000, 0x000000060c400000, 0x000000060c400000|100%| O|  |TAMS 0x000000060c400000, 0x000000060c000000| Untracked 
|  37|0x000000060c400000, 0x000000060c800000, 0x000000060c800000|100%| O|  |TAMS 0x000000060c800000, 0x000000060c400000| Untracked 
|  38|0x000000060c800000, 0x000000060cc00000, 0x000000060cc00000|100%| O|  |TAMS 0x000000060cc00000, 0x000000060c800000| Untracked 
|  39|0x000000060cc00000, 0x000000060d000000, 0x000000060d000000|100%| O|  |TAMS 0x000000060d000000, 0x000000060cc00000| Untracked 
|  40|0x000000060d000000, 0x000000060d400000, 0x000000060d400000|100%| O|  |TAMS 0x000000060d400000, 0x000000060d000000| Untracked 
|  41|0x000000060d400000, 0x000000060d800000, 0x000000060d800000|100%| O|  |TAMS 0x000000060d800000, 0x000000060d400000| Untracked 
|  42|0x000000060d800000, 0x000000060dc00000, 0x000000060dc00000|100%| O|  |TAMS 0x000000060dc00000, 0x000000060d800000| Untracked 
|  43|0x000000060dc00000, 0x000000060e000000, 0x000000060e000000|100%| O|  |TAMS 0x000000060e000000, 0x000000060dc00000| Updating 
|  44|0x000000060e000000, 0x000000060e400000, 0x000000060e400000|100%|HS|  |TAMS 0x000000060e400000, 0x000000060e000000| Complete 
|  45|0x000000060e400000, 0x000000060e800000, 0x000000060e800000|100%|HC|  |TAMS 0x000000060e800000, 0x000000060e400000| Complete 
|  46|0x000000060e800000, 0x000000060ec00000, 0x000000060ec00000|100%|HC|  |TAMS 0x000000060ec00000, 0x000000060e800000| Complete 
|  47|0x000000060ec00000, 0x000000060f000000, 0x000000060f000000|100%| O|  |TAMS 0x000000060f000000, 0x000000060ec00000| Untracked 
|  48|0x000000060f000000, 0x000000060f400000, 0x000000060f400000|100%| O|  |TAMS 0x000000060f400000, 0x000000060f000000| Untracked 
|  49|0x000000060f400000, 0x000000060f800000, 0x000000060f800000|100%| O|  |TAMS 0x000000060f800000, 0x000000060f400000| Untracked 
|  50|0x000000060f800000, 0x000000060fc00000, 0x000000060fc00000|100%| O|  |TAMS 0x000000060fc00000, 0x000000060f800000| Untracked 
|  51|0x000000060fc00000, 0x0000000610000000, 0x0000000610000000|100%| O|  |TAMS 0x0000000610000000, 0x000000060fc00000| Untracked 
|  52|0x0000000610000000, 0x0000000610400000, 0x0000000610400000|100%| O|  |TAMS 0x0000000610400000, 0x0000000610000000| Untracked 
|  53|0x0000000610400000, 0x0000000610800000, 0x0000000610800000|100%| O|  |TAMS 0x0000000610800000, 0x0000000610400000| Untracked 
|  54|0x0000000610800000, 0x0000000610c00000, 0x0000000610c00000|100%| O|  |TAMS 0x0000000610c00000, 0x0000000610800000| Untracked 
|  55|0x0000000610c00000, 0x0000000611000000, 0x0000000611000000|100%| O|  |TAMS 0x0000000611000000, 0x0000000610c00000| Untracked 
|  56|0x0000000611000000, 0x0000000611400000, 0x0000000611400000|100%| O|  |TAMS 0x0000000611400000, 0x0000000611000000| Untracked 
|  57|0x0000000611400000, 0x0000000611800000, 0x0000000611800000|100%| O|  |TAMS 0x0000000611800000, 0x0000000611400000| Untracked 
|  58|0x0000000611800000, 0x0000000611c00000, 0x0000000611c00000|100%| O|  |TAMS 0x0000000611c00000, 0x0000000611800000| Untracked 
|  59|0x0000000611c00000, 0x0000000612000000, 0x0000000612000000|100%| O|  |TAMS 0x0000000612000000, 0x0000000611c00000| Untracked 
|  60|0x0000000612000000, 0x0000000612400000, 0x0000000612400000|100%| O|  |TAMS 0x0000000612400000, 0x0000000612000000| Updating 
|  61|0x0000000612400000, 0x0000000612800000, 0x0000000612800000|100%| O|  |TAMS 0x0000000612800000, 0x0000000612400000| Updating 
|  62|0x0000000612800000, 0x0000000612c00000, 0x0000000612c00000|100%| O|  |TAMS 0x0000000612c00000, 0x0000000612800000| Untracked 
|  63|0x0000000612c00000, 0x0000000613000000, 0x0000000613000000|100%| O|  |TAMS 0x0000000613000000, 0x0000000612c00000| Untracked 
|  64|0x0000000613000000, 0x0000000613400000, 0x0000000613400000|100%| O|  |TAMS 0x0000000613400000, 0x0000000613000000| Untracked 
|  65|0x0000000613400000, 0x0000000613800000, 0x0000000613800000|100%| O|  |TAMS 0x0000000613800000, 0x0000000613400000| Untracked 
|  66|0x0000000613800000, 0x0000000613c00000, 0x0000000613c00000|100%| O|  |TAMS 0x0000000613c00000, 0x0000000613800000| Updating 
|  67|0x0000000613c00000, 0x0000000614000000, 0x0000000614000000|100%| O|  |TAMS 0x0000000614000000, 0x0000000613c00000| Updating 
|  68|0x0000000614000000, 0x0000000614000000, 0x0000000614400000|  0%| F|  |TAMS 0x0000000614000000, 0x0000000614000000| Untracked 
|  69|0x0000000614400000, 0x0000000614400000, 0x0000000614800000|  0%| F|  |TAMS 0x0000000614400000, 0x0000000614400000| Untracked 
|  70|0x0000000614800000, 0x0000000614800000, 0x0000000614c00000|  0%| F|  |TAMS 0x0000000614800000, 0x0000000614800000| Untracked 
|  71|0x0000000614c00000, 0x0000000614c00000, 0x0000000615000000|  0%| F|  |TAMS 0x0000000614c00000, 0x0000000614c00000| Untracked 
|  72|0x0000000615000000, 0x0000000615000000, 0x0000000615400000|  0%| F|  |TAMS 0x0000000615000000, 0x0000000615000000| Untracked 
|  73|0x0000000615400000, 0x0000000615400000, 0x0000000615800000|  0%| F|  |TAMS 0x0000000615400000, 0x0000000615400000| Untracked 
|  74|0x0000000615800000, 0x0000000615800000, 0x0000000615c00000|  0%| F|  |TAMS 0x0000000615800000, 0x0000000615800000| Untracked 
|  75|0x0000000615c00000, 0x0000000615c00000, 0x0000000616000000|  0%| F|  |TAMS 0x0000000615c00000, 0x0000000615c00000| Untracked 
|  76|0x0000000616000000, 0x0000000616000000, 0x0000000616400000|  0%| F|  |TAMS 0x0000000616000000, 0x0000000616000000| Untracked 
|  77|0x0000000616400000, 0x0000000616400000, 0x0000000616800000|  0%| F|  |TAMS 0x0000000616400000, 0x0000000616400000| Untracked 
|  78|0x0000000616800000, 0x0000000616800000, 0x0000000616c00000|  0%| F|  |TAMS 0x0000000616800000, 0x0000000616800000| Untracked 
|  79|0x0000000616c00000, 0x0000000617000000, 0x0000000617000000|100%| O|  |TAMS 0x0000000617000000, 0x0000000616c00000| Untracked 
|  80|0x0000000617000000, 0x0000000617400000, 0x0000000617400000|100%| O|  |TAMS 0x0000000617400000, 0x0000000617000000| Untracked 
|  81|0x0000000617400000, 0x0000000617546400, 0x0000000617800000| 31%| O|  |TAMS 0x0000000617546400, 0x0000000617400000| Updating 
|  82|0x0000000617800000, 0x0000000617c00000, 0x0000000617c00000|100%|HS|  |TAMS 0x0000000617800000, 0x0000000617800000| Complete 
|  83|0x0000000617c00000, 0x0000000618000000, 0x0000000618000000|100%|HC|  |TAMS 0x0000000617c00000, 0x0000000617c00000| Complete 
|  84|0x0000000618000000, 0x0000000618400000, 0x0000000618400000|100%|HC|  |TAMS 0x0000000618000000, 0x0000000618000000| Complete 
|  85|0x0000000618400000, 0x0000000618800000, 0x0000000618800000|100%|HC|  |TAMS 0x0000000618400000, 0x0000000618400000| Complete 
|  86|0x0000000618800000, 0x0000000618c00000, 0x0000000618c00000|100%|HC|  |TAMS 0x0000000618800000, 0x0000000618800000| Complete 
|  87|0x0000000618c00000, 0x0000000619000000, 0x0000000619000000|100%|HC|  |TAMS 0x0000000618c00000, 0x0000000618c00000| Complete 
|  88|0x0000000619000000, 0x0000000619400000, 0x0000000619400000|100%|HC|  |TAMS 0x0000000619000000, 0x0000000619000000| Complete 
|  89|0x0000000619400000, 0x0000000619800000, 0x0000000619800000|100%|HC|  |TAMS 0x0000000619400000, 0x0000000619400000| Complete 
|  90|0x0000000619800000, 0x0000000619c00000, 0x0000000619c00000|100%|HC|  |TAMS 0x0000000619800000, 0x0000000619800000| Complete 
|  91|0x0000000619c00000, 0x000000061a000000, 0x000000061a000000|100%|HC|  |TAMS 0x0000000619c00000, 0x0000000619c00000| Complete 
|  92|0x000000061a000000, 0x000000061a400000, 0x000000061a400000|100%|HC|  |TAMS 0x000000061a000000, 0x000000061a000000| Complete 
|  93|0x000000061a400000, 0x000000061a800000, 0x000000061a800000|100%|HC|  |TAMS 0x000000061a400000, 0x000000061a400000| Complete 
|  94|0x000000061a800000, 0x000000061ac00000, 0x000000061ac00000|100%|HC|  |TAMS 0x000000061a800000, 0x000000061a800000| Complete 
|  95|0x000000061ac00000, 0x000000061b000000, 0x000000061b000000|100%|HC|  |TAMS 0x000000061ac00000, 0x000000061ac00000| Complete 
|  96|0x000000061b000000, 0x000000061b400000, 0x000000061b400000|100%|HC|  |TAMS 0x000000061b000000, 0x000000061b000000| Complete 
|  97|0x000000061b400000, 0x000000061b800000, 0x000000061b800000|100%|HC|  |TAMS 0x000000061b400000, 0x000000061b400000| Complete 
|  98|0x000000061b800000, 0x000000061bc00000, 0x000000061bc00000|100%|HC|  |TAMS 0x000000061b800000, 0x000000061b800000| Complete 
|  99|0x000000061bc00000, 0x000000061c000000, 0x000000061c000000|100%|HC|  |TAMS 0x000000061bc00000, 0x000000061bc00000| Complete 
| 100|0x000000061c000000, 0x000000061c400000, 0x000000061c400000|100%|HC|  |TAMS 0x000000061c000000, 0x000000061c000000| Complete 
| 101|0x000000061c400000, 0x000000061c800000, 0x000000061c800000|100%|HC|  |TAMS 0x000000061c400000, 0x000000061c400000| Complete 
| 102|0x000000061c800000, 0x000000061cc00000, 0x000000061cc00000|100%|HC|  |TAMS 0x000000061c800000, 0x000000061c800000| Complete 
| 103|0x000000061cc00000, 0x000000061d000000, 0x000000061d000000|100%|HC|  |TAMS 0x000000061cc00000, 0x000000061cc00000| Complete 
| 104|0x000000061d000000, 0x000000061d400000, 0x000000061d400000|100%|HC|  |TAMS 0x000000061d000000, 0x000000061d000000| Complete 
| 105|0x000000061d400000, 0x000000061d800000, 0x000000061d800000|100%|HC|  |TAMS 0x000000061d400000, 0x000000061d400000| Complete 
| 106|0x000000061d800000, 0x000000061dc00000, 0x000000061dc00000|100%|HC|  |TAMS 0x000000061d800000, 0x000000061d800000| Complete 
| 107|0x000000061dc00000, 0x000000061e000000, 0x000000061e000000|100%|HC|  |TAMS 0x000000061dc00000, 0x000000061dc00000| Complete 
| 108|0x000000061e000000, 0x000000061e400000, 0x000000061e400000|100%|HC|  |TAMS 0x000000061e000000, 0x000000061e000000| Complete 
| 109|0x000000061e400000, 0x000000061e800000, 0x000000061e800000|100%|HC|  |TAMS 0x000000061e400000, 0x000000061e400000| Complete 
| 110|0x000000061e800000, 0x000000061ec00000, 0x000000061ec00000|100%|HC|  |TAMS 0x000000061e800000, 0x000000061e800000| Complete 
| 111|0x000000061ec00000, 0x000000061f000000, 0x000000061f000000|100%|HC|  |TAMS 0x000000061ec00000, 0x000000061ec00000| Complete 
| 112|0x000000061f000000, 0x000000061f400000, 0x000000061f400000|100%|HC|  |TAMS 0x000000061f000000, 0x000000061f000000| Complete 
| 113|0x000000061f400000, 0x000000061f800000, 0x000000061f800000|100%|HC|  |TAMS 0x000000061f400000, 0x000000061f400000| Complete 
| 114|0x000000061f800000, 0x000000061fc00000, 0x000000061fc00000|100%|HC|  |TAMS 0x000000061f800000, 0x000000061f800000| Complete 
| 115|0x000000061fc00000, 0x0000000620000000, 0x0000000620000000|100%|HC|  |TAMS 0x000000061fc00000, 0x000000061fc00000| Complete 
| 116|0x0000000620000000, 0x0000000620400000, 0x0000000620400000|100%|HC|  |TAMS 0x0000000620000000, 0x0000000620000000| Complete 
| 117|0x0000000620400000, 0x0000000620800000, 0x0000000620800000|100%|HC|  |TAMS 0x0000000620400000, 0x0000000620400000| Complete 
| 118|0x0000000620800000, 0x0000000620c00000, 0x0000000620c00000|100%|HC|  |TAMS 0x0000000620800000, 0x0000000620800000| Complete 
| 119|0x0000000620c00000, 0x0000000621000000, 0x0000000621000000|100%|HC|  |TAMS 0x0000000620c00000, 0x0000000620c00000| Complete 
| 120|0x0000000621000000, 0x0000000621400000, 0x0000000621400000|100%|HC|  |TAMS 0x0000000621000000, 0x0000000621000000| Complete 
| 121|0x0000000621400000, 0x0000000621800000, 0x0000000621800000|100%|HC|  |TAMS 0x0000000621400000, 0x0000000621400000| Complete 
| 122|0x0000000621800000, 0x0000000621c00000, 0x0000000621c00000|100%|HC|  |TAMS 0x0000000621800000, 0x0000000621800000| Complete 
| 123|0x0000000621c00000, 0x0000000622000000, 0x0000000622000000|100%|HC|  |TAMS 0x0000000621c00000, 0x0000000621c00000| Complete 
| 124|0x0000000622000000, 0x0000000622400000, 0x0000000622400000|100%|HC|  |TAMS 0x0000000622000000, 0x0000000622000000| Complete 
| 125|0x0000000622400000, 0x0000000622800000, 0x0000000622800000|100%|HC|  |TAMS 0x0000000622400000, 0x0000000622400000| Complete 
| 126|0x0000000622800000, 0x0000000622c00000, 0x0000000622c00000|100%|HC|  |TAMS 0x0000000622800000, 0x0000000622800000| Complete 
| 127|0x0000000622c00000, 0x0000000623000000, 0x0000000623000000|100%|HC|  |TAMS 0x0000000622c00000, 0x0000000622c00000| Complete 
| 128|0x0000000623000000, 0x0000000623400000, 0x0000000623400000|100%|HC|  |TAMS 0x0000000623000000, 0x0000000623000000| Complete 
| 129|0x0000000623400000, 0x0000000623800000, 0x0000000623800000|100%|HC|  |TAMS 0x0000000623400000, 0x0000000623400000| Complete 
| 130|0x0000000623800000, 0x0000000623c00000, 0x0000000623c00000|100%|HC|  |TAMS 0x0000000623800000, 0x0000000623800000| Complete 
| 131|0x0000000623c00000, 0x0000000624000000, 0x0000000624000000|100%|HC|  |TAMS 0x0000000623c00000, 0x0000000623c00000| Complete 
| 132|0x0000000624000000, 0x0000000624400000, 0x0000000624400000|100%|HC|  |TAMS 0x0000000624000000, 0x0000000624000000| Complete 
| 133|0x0000000624400000, 0x0000000624800000, 0x0000000624800000|100%|HC|  |TAMS 0x0000000624400000, 0x0000000624400000| Complete 
| 134|0x0000000624800000, 0x0000000624c00000, 0x0000000624c00000|100%|HC|  |TAMS 0x0000000624800000, 0x0000000624800000| Complete 
| 135|0x0000000624c00000, 0x0000000625000000, 0x0000000625000000|100%|HC|  |TAMS 0x0000000624c00000, 0x0000000624c00000| Complete 
| 136|0x0000000625000000, 0x0000000625400000, 0x0000000625400000|100%|HC|  |TAMS 0x0000000625000000, 0x0000000625000000| Complete 
| 137|0x0000000625400000, 0x0000000625800000, 0x0000000625800000|100%|HC|  |TAMS 0x0000000625400000, 0x0000000625400000| Complete 
| 138|0x0000000625800000, 0x0000000625c00000, 0x0000000625c00000|100%|HC|  |TAMS 0x0000000625800000, 0x0000000625800000| Complete 
| 139|0x0000000625c00000, 0x0000000626000000, 0x0000000626000000|100%|HC|  |TAMS 0x0000000625c00000, 0x0000000625c00000| Complete 
| 140|0x0000000626000000, 0x0000000626400000, 0x0000000626400000|100%|HC|  |TAMS 0x0000000626000000, 0x0000000626000000| Complete 
| 141|0x0000000626400000, 0x0000000626800000, 0x0000000626800000|100%|HC|  |TAMS 0x0000000626400000, 0x0000000626400000| Complete 
| 142|0x0000000626800000, 0x0000000626c00000, 0x0000000626c00000|100%|HC|  |TAMS 0x0000000626800000, 0x0000000626800000| Complete 
| 143|0x0000000626c00000, 0x0000000627000000, 0x0000000627000000|100%|HC|  |TAMS 0x0000000626c00000, 0x0000000626c00000| Complete 
| 144|0x0000000627000000, 0x0000000627400000, 0x0000000627400000|100%|HC|  |TAMS 0x0000000627000000, 0x0000000627000000| Complete 
| 145|0x0000000627400000, 0x0000000627800000, 0x0000000627800000|100%|HC|  |TAMS 0x0000000627400000, 0x0000000627400000| Complete 
| 146|0x0000000627800000, 0x0000000627c00000, 0x0000000627c00000|100%|HC|  |TAMS 0x0000000627800000, 0x0000000627800000| Complete 
| 147|0x0000000627c00000, 0x0000000628000000, 0x0000000628000000|100%|HC|  |TAMS 0x0000000627c00000, 0x0000000627c00000| Complete 
| 148|0x0000000628000000, 0x0000000628400000, 0x0000000628400000|100%|HC|  |TAMS 0x0000000628000000, 0x0000000628000000| Complete 
| 149|0x0000000628400000, 0x0000000628800000, 0x0000000628800000|100%|HC|  |TAMS 0x0000000628400000, 0x0000000628400000| Complete 
| 150|0x0000000628800000, 0x0000000628c00000, 0x0000000628c00000|100%|HC|  |TAMS 0x0000000628800000, 0x0000000628800000| Complete 
| 151|0x0000000628c00000, 0x0000000629000000, 0x0000000629000000|100%|HC|  |TAMS 0x0000000628c00000, 0x0000000628c00000| Complete 
| 152|0x0000000629000000, 0x0000000629400000, 0x0000000629400000|100%|HC|  |TAMS 0x0000000629000000, 0x0000000629000000| Complete 
| 153|0x0000000629400000, 0x0000000629800000, 0x0000000629800000|100%|HC|  |TAMS 0x0000000629400000, 0x0000000629400000| Complete 
| 154|0x0000000629800000, 0x0000000629c00000, 0x0000000629c00000|100%|HC|  |TAMS 0x0000000629800000, 0x0000000629800000| Complete 
| 155|0x0000000629c00000, 0x000000062a000000, 0x000000062a000000|100%|HC|  |TAMS 0x0000000629c00000, 0x0000000629c00000| Complete 
| 156|0x000000062a000000, 0x000000062a400000, 0x000000062a400000|100%|HC|  |TAMS 0x000000062a000000, 0x000000062a000000| Complete 
| 157|0x000000062a400000, 0x000000062a800000, 0x000000062a800000|100%|HC|  |TAMS 0x000000062a400000, 0x000000062a400000| Complete 
| 158|0x000000062a800000, 0x000000062ac00000, 0x000000062ac00000|100%|HC|  |TAMS 0x000000062a800000, 0x000000062a800000| Complete 
| 159|0x000000062ac00000, 0x000000062b000000, 0x000000062b000000|100%|HC|  |TAMS 0x000000062ac00000, 0x000000062ac00000| Complete 
| 160|0x000000062b000000, 0x000000062b400000, 0x000000062b400000|100%|HC|  |TAMS 0x000000062b000000, 0x000000062b000000| Complete 
| 161|0x000000062b400000, 0x000000062b800000, 0x000000062b800000|100%|HC|  |TAMS 0x000000062b400000, 0x000000062b400000| Complete 
| 162|0x000000062b800000, 0x000000062bc00000, 0x000000062bc00000|100%|HC|  |TAMS 0x000000062b800000, 0x000000062b800000| Complete 
| 163|0x000000062bc00000, 0x000000062c000000, 0x000000062c000000|100%|HC|  |TAMS 0x000000062bc00000, 0x000000062bc00000| Complete 
| 164|0x000000062c000000, 0x000000062c400000, 0x000000062c400000|100%|HC|  |TAMS 0x000000062c000000, 0x000000062c000000| Complete 
| 165|0x000000062c400000, 0x000000062c800000, 0x000000062c800000|100%|HC|  |TAMS 0x000000062c400000, 0x000000062c400000| Complete 
| 166|0x000000062c800000, 0x000000062cc00000, 0x000000062cc00000|100%|HC|  |TAMS 0x000000062c800000, 0x000000062c800000| Complete 
| 167|0x000000062cc00000, 0x000000062d000000, 0x000000062d000000|100%|HC|  |TAMS 0x000000062cc00000, 0x000000062cc00000| Complete 
| 168|0x000000062d000000, 0x000000062d400000, 0x000000062d400000|100%|HC|  |TAMS 0x000000062d000000, 0x000000062d000000| Complete 
| 169|0x000000062d400000, 0x000000062d800000, 0x000000062d800000|100%|HC|  |TAMS 0x000000062d400000, 0x000000062d400000| Complete 
| 170|0x000000062d800000, 0x000000062dc00000, 0x000000062dc00000|100%|HC|  |TAMS 0x000000062d800000, 0x000000062d800000| Complete 
| 171|0x000000062dc00000, 0x000000062e000000, 0x000000062e000000|100%|HC|  |TAMS 0x000000062dc00000, 0x000000062dc00000| Complete 
| 172|0x000000062e000000, 0x000000062e400000, 0x000000062e400000|100%|HC|  |TAMS 0x000000062e000000, 0x000000062e000000| Complete 
| 173|0x000000062e400000, 0x000000062e800000, 0x000000062e800000|100%|HC|  |TAMS 0x000000062e400000, 0x000000062e400000| Complete 
| 174|0x000000062e800000, 0x000000062ec00000, 0x000000062ec00000|100%|HC|  |TAMS 0x000000062e800000, 0x000000062e800000| Complete 
| 175|0x000000062ec00000, 0x000000062f000000, 0x000000062f000000|100%|HC|  |TAMS 0x000000062ec00000, 0x000000062ec00000| Complete 
| 176|0x000000062f000000, 0x000000062f400000, 0x000000062f400000|100%|HC|  |TAMS 0x000000062f000000, 0x000000062f000000| Complete 
| 177|0x000000062f400000, 0x000000062f800000, 0x000000062f800000|100%|HC|  |TAMS 0x000000062f400000, 0x000000062f400000| Complete 
| 178|0x000000062f800000, 0x000000062fc00000, 0x000000062fc00000|100%|HC|  |TAMS 0x000000062f800000, 0x000000062f800000| Complete 
| 179|0x000000062fc00000, 0x0000000630000000, 0x0000000630000000|100%|HC|  |TAMS 0x000000062fc00000, 0x000000062fc00000| Complete 
| 180|0x0000000630000000, 0x0000000630400000, 0x0000000630400000|100%|HC|  |TAMS 0x0000000630000000, 0x0000000630000000| Complete 
| 181|0x0000000630400000, 0x0000000630800000, 0x0000000630800000|100%|HC|  |TAMS 0x0000000630400000, 0x0000000630400000| Complete 
| 182|0x0000000630800000, 0x0000000630c00000, 0x0000000630c00000|100%|HC|  |TAMS 0x0000000630800000, 0x0000000630800000| Complete 
| 183|0x0000000630c00000, 0x0000000631000000, 0x0000000631000000|100%|HC|  |TAMS 0x0000000630c00000, 0x0000000630c00000| Complete 
| 184|0x0000000631000000, 0x0000000631400000, 0x0000000631400000|100%|HC|  |TAMS 0x0000000631000000, 0x0000000631000000| Complete 
| 185|0x0000000631400000, 0x0000000631800000, 0x0000000631800000|100%|HC|  |TAMS 0x0000000631400000, 0x0000000631400000| Complete 
| 186|0x0000000631800000, 0x0000000631c00000, 0x0000000631c00000|100%|HC|  |TAMS 0x0000000631800000, 0x0000000631800000| Complete 
| 187|0x0000000631c00000, 0x0000000632000000, 0x0000000632000000|100%|HC|  |TAMS 0x0000000631c00000, 0x0000000631c00000| Complete 
| 188|0x0000000632000000, 0x0000000632400000, 0x0000000632400000|100%|HC|  |TAMS 0x0000000632000000, 0x0000000632000000| Complete 
| 189|0x0000000632400000, 0x0000000632800000, 0x0000000632800000|100%|HC|  |TAMS 0x0000000632400000, 0x0000000632400000| Complete 
| 190|0x0000000632800000, 0x0000000632c00000, 0x0000000632c00000|100%|HC|  |TAMS 0x0000000632800000, 0x0000000632800000| Complete 
| 191|0x0000000632c00000, 0x0000000633000000, 0x0000000633000000|100%|HC|  |TAMS 0x0000000632c00000, 0x0000000632c00000| Complete 
| 192|0x0000000633000000, 0x0000000633400000, 0x0000000633400000|100%|HC|  |TAMS 0x0000000633000000, 0x0000000633000000| Complete 
| 193|0x0000000633400000, 0x0000000633800000, 0x0000000633800000|100%|HC|  |TAMS 0x0000000633400000, 0x0000000633400000| Complete 
| 194|0x0000000633800000, 0x0000000633c00000, 0x0000000633c00000|100%|HC|  |TAMS 0x0000000633800000, 0x0000000633800000| Complete 
| 195|0x0000000633c00000, 0x0000000634000000, 0x0000000634000000|100%|HC|  |TAMS 0x0000000633c00000, 0x0000000633c00000| Complete 
| 196|0x0000000634000000, 0x0000000634400000, 0x0000000634400000|100%|HC|  |TAMS 0x0000000634000000, 0x0000000634000000| Complete 
| 197|0x0000000634400000, 0x0000000634800000, 0x0000000634800000|100%|HC|  |TAMS 0x0000000634400000, 0x0000000634400000| Complete 
| 198|0x0000000634800000, 0x0000000634c00000, 0x0000000634c00000|100%|HC|  |TAMS 0x0000000634800000, 0x0000000634800000| Complete 
| 199|0x0000000634c00000, 0x0000000635000000, 0x0000000635000000|100%|HC|  |TAMS 0x0000000634c00000, 0x0000000634c00000| Complete 
| 200|0x0000000635000000, 0x0000000635400000, 0x0000000635400000|100%|HC|  |TAMS 0x0000000635000000, 0x0000000635000000| Complete 
| 201|0x0000000635400000, 0x0000000635800000, 0x0000000635800000|100%|HC|  |TAMS 0x0000000635400000, 0x0000000635400000| Complete 
| 202|0x0000000635800000, 0x0000000635c00000, 0x0000000635c00000|100%|HC|  |TAMS 0x0000000635800000, 0x0000000635800000| Complete 
| 203|0x0000000635c00000, 0x0000000636000000, 0x0000000636000000|100%|HC|  |TAMS 0x0000000635c00000, 0x0000000635c00000| Complete 
| 204|0x0000000636000000, 0x0000000636400000, 0x0000000636400000|100%|HC|  |TAMS 0x0000000636000000, 0x0000000636000000| Complete 
| 205|0x0000000636400000, 0x0000000636800000, 0x0000000636800000|100%|HC|  |TAMS 0x0000000636400000, 0x0000000636400000| Complete 
| 206|0x0000000636800000, 0x0000000636c00000, 0x0000000636c00000|100%|HC|  |TAMS 0x0000000636800000, 0x0000000636800000| Complete 
| 207|0x0000000636c00000, 0x0000000637000000, 0x0000000637000000|100%|HC|  |TAMS 0x0000000636c00000, 0x0000000636c00000| Complete 
| 208|0x0000000637000000, 0x0000000637400000, 0x0000000637400000|100%|HC|  |TAMS 0x0000000637000000, 0x0000000637000000| Complete 
| 209|0x0000000637400000, 0x0000000637800000, 0x0000000637800000|100%|HC|  |TAMS 0x0000000637400000, 0x0000000637400000| Complete 
| 210|0x0000000637800000, 0x0000000637c00000, 0x0000000637c00000|100%|HC|  |TAMS 0x0000000637800000, 0x0000000637800000| Complete 
| 211|0x0000000637c00000, 0x0000000638000000, 0x0000000638000000|100%|HC|  |TAMS 0x0000000637c00000, 0x0000000637c00000| Complete 
| 212|0x0000000638000000, 0x0000000638400000, 0x0000000638400000|100%|HC|  |TAMS 0x0000000638000000, 0x0000000638000000| Complete 
| 213|0x0000000638400000, 0x0000000638800000, 0x0000000638800000|100%|HC|  |TAMS 0x0000000638400000, 0x0000000638400000| Complete 
| 214|0x0000000638800000, 0x0000000638c00000, 0x0000000638c00000|100%|HC|  |TAMS 0x0000000638800000, 0x0000000638800000| Complete 
| 215|0x0000000638c00000, 0x0000000639000000, 0x0000000639000000|100%|HC|  |TAMS 0x0000000638c00000, 0x0000000638c00000| Complete 
| 216|0x0000000639000000, 0x0000000639400000, 0x0000000639400000|100%|HC|  |TAMS 0x0000000639000000, 0x0000000639000000| Complete 
| 217|0x0000000639400000, 0x0000000639800000, 0x0000000639800000|100%|HC|  |TAMS 0x0000000639400000, 0x0000000639400000| Complete 
| 218|0x0000000639800000, 0x0000000639c00000, 0x0000000639c00000|100%|HC|  |TAMS 0x0000000639800000, 0x0000000639800000| Complete 
| 219|0x0000000639c00000, 0x000000063a000000, 0x000000063a000000|100%|HC|  |TAMS 0x0000000639c00000, 0x0000000639c00000| Complete 
| 220|0x000000063a000000, 0x000000063a400000, 0x000000063a400000|100%|HC|  |TAMS 0x000000063a000000, 0x000000063a000000| Complete 
| 221|0x000000063a400000, 0x000000063a800000, 0x000000063a800000|100%|HC|  |TAMS 0x000000063a400000, 0x000000063a400000| Complete 
| 222|0x000000063a800000, 0x000000063a800000, 0x000000063ac00000|  0%| F|  |TAMS 0x000000063a800000, 0x000000063a800000| Untracked 
| 223|0x000000063ac00000, 0x000000063ac00000, 0x000000063b000000|  0%| F|  |TAMS 0x000000063ac00000, 0x000000063ac00000| Untracked 
| 224|0x000000063b000000, 0x000000063b000000, 0x000000063b400000|  0%| F|  |TAMS 0x000000063b000000, 0x000000063b000000| Untracked 
| 225|0x000000063b400000, 0x000000063b400000, 0x000000063b800000|  0%| F|  |TAMS 0x000000063b400000, 0x000000063b400000| Untracked 
| 226|0x000000063b800000, 0x000000063b800000, 0x000000063bc00000|  0%| F|  |TAMS 0x000000063b800000, 0x000000063b800000| Untracked 
| 227|0x000000063bc00000, 0x000000063bc00000, 0x000000063c000000|  0%| F|  |TAMS 0x000000063bc00000, 0x000000063bc00000| Untracked 
| 228|0x000000063c000000, 0x000000063c000000, 0x000000063c400000|  0%| F|  |TAMS 0x000000063c000000, 0x000000063c000000| Untracked 
| 229|0x000000063c400000, 0x000000063c400000, 0x000000063c800000|  0%| F|  |TAMS 0x000000063c400000, 0x000000063c400000| Untracked 
| 230|0x000000063c800000, 0x000000063c800000, 0x000000063cc00000|  0%| F|  |TAMS 0x000000063c800000, 0x000000063c800000| Untracked 
| 231|0x000000063cc00000, 0x000000063cc00000, 0x000000063d000000|  0%| F|  |TAMS 0x000000063cc00000, 0x000000063cc00000| Untracked 
| 232|0x000000063d000000, 0x000000063d000000, 0x000000063d400000|  0%| F|  |TAMS 0x000000063d000000, 0x000000063d000000| Untracked 
| 233|0x000000063d400000, 0x000000063d400000, 0x000000063d800000|  0%| F|  |TAMS 0x000000063d400000, 0x000000063d400000| Untracked 
| 234|0x000000063d800000, 0x000000063d800810, 0x000000063dc00000|  0%| S|CS|TAMS 0x000000063d800000, 0x000000063d800000| Complete 
| 235|0x000000063dc00000, 0x000000063dc00000, 0x000000063e000000|  0%| F|  |TAMS 0x000000063dc00000, 0x000000063dc00000| Untracked 
| 236|0x000000063e000000, 0x000000063e000000, 0x000000063e400000|  0%| F|  |TAMS 0x000000063e000000, 0x000000063e000000| Untracked 
| 237|0x000000063e400000, 0x000000063e400000, 0x000000063e800000|  0%| F|  |TAMS 0x000000063e400000, 0x000000063e400000| Untracked 
| 238|0x000000063e800000, 0x000000063e800000, 0x000000063ec00000|  0%| F|  |TAMS 0x000000063e800000, 0x000000063e800000| Untracked 
| 239|0x000000063ec00000, 0x000000063ec00000, 0x000000063f000000|  0%| F|  |TAMS 0x000000063ec00000, 0x000000063ec00000| Untracked 
| 240|0x000000063f000000, 0x000000063f000000, 0x000000063f400000|  0%| F|  |TAMS 0x000000063f000000, 0x000000063f000000| Untracked 
| 241|0x000000063f400000, 0x000000063f400000, 0x000000063f800000|  0%| F|  |TAMS 0x000000063f400000, 0x000000063f400000| Untracked 
| 242|0x000000063f800000, 0x000000063f800000, 0x000000063fc00000|  0%| F|  |TAMS 0x000000063f800000, 0x000000063f800000| Untracked 
| 243|0x000000063fc00000, 0x000000063fc00000, 0x0000000640000000|  0%| F|  |TAMS 0x000000063fc00000, 0x000000063fc00000| Untracked 
| 244|0x0000000640000000, 0x0000000640000000, 0x0000000640400000|  0%| F|  |TAMS 0x0000000640000000, 0x0000000640000000| Untracked 
| 245|0x0000000640400000, 0x0000000640400000, 0x0000000640800000|  0%| F|  |TAMS 0x0000000640400000, 0x0000000640400000| Untracked 
| 246|0x0000000640800000, 0x0000000640800000, 0x0000000640c00000|  0%| F|  |TAMS 0x0000000640800000, 0x0000000640800000| Untracked 
| 247|0x0000000640c00000, 0x0000000640c00000, 0x0000000641000000|  0%| F|  |TAMS 0x0000000640c00000, 0x0000000640c00000| Untracked 
| 248|0x0000000641000000, 0x0000000641000000, 0x0000000641400000|  0%| F|  |TAMS 0x0000000641000000, 0x0000000641000000| Untracked 
| 249|0x0000000641400000, 0x0000000641400000, 0x0000000641800000|  0%| F|  |TAMS 0x0000000641400000, 0x0000000641400000| Untracked 
| 250|0x0000000641800000, 0x0000000641800000, 0x0000000641c00000|  0%| F|  |TAMS 0x0000000641800000, 0x0000000641800000| Untracked 
| 251|0x0000000641c00000, 0x0000000641c00000, 0x0000000642000000|  0%| F|  |TAMS 0x0000000641c00000, 0x0000000641c00000| Untracked 
| 252|0x0000000642000000, 0x0000000642000000, 0x0000000642400000|  0%| F|  |TAMS 0x0000000642000000, 0x0000000642000000| Untracked 
| 253|0x0000000642400000, 0x0000000642400000, 0x0000000642800000|  0%| F|  |TAMS 0x0000000642400000, 0x0000000642400000| Untracked 
| 254|0x0000000642800000, 0x0000000642800000, 0x0000000642c00000|  0%| F|  |TAMS 0x0000000642800000, 0x0000000642800000| Untracked 
| 255|0x0000000642c00000, 0x0000000642c00000, 0x0000000643000000|  0%| F|  |TAMS 0x0000000642c00000, 0x0000000642c00000| Untracked 
| 256|0x0000000643000000, 0x0000000643000000, 0x0000000643400000|  0%| F|  |TAMS 0x0000000643000000, 0x0000000643000000| Untracked 
| 257|0x0000000643400000, 0x0000000643400000, 0x0000000643800000|  0%| F|  |TAMS 0x0000000643400000, 0x0000000643400000| Untracked 
| 258|0x0000000643800000, 0x0000000643800000, 0x0000000643c00000|  0%| F|  |TAMS 0x0000000643800000, 0x0000000643800000| Untracked 
| 259|0x0000000643c00000, 0x0000000643c00000, 0x0000000644000000|  0%| F|  |TAMS 0x0000000643c00000, 0x0000000643c00000| Untracked 
| 260|0x0000000644000000, 0x0000000644000000, 0x0000000644400000|  0%| F|  |TAMS 0x0000000644000000, 0x0000000644000000| Untracked 
| 261|0x0000000644400000, 0x0000000644400000, 0x0000000644800000|  0%| F|  |TAMS 0x0000000644400000, 0x0000000644400000| Untracked 
| 262|0x0000000644800000, 0x0000000644800000, 0x0000000644c00000|  0%| F|  |TAMS 0x0000000644800000, 0x0000000644800000| Untracked 
| 263|0x0000000644c00000, 0x0000000644c00000, 0x0000000645000000|  0%| F|  |TAMS 0x0000000644c00000, 0x0000000644c00000| Untracked 
| 264|0x0000000645000000, 0x0000000645000000, 0x0000000645400000|  0%| F|  |TAMS 0x0000000645000000, 0x0000000645000000| Untracked 
| 265|0x0000000645400000, 0x0000000645400000, 0x0000000645800000|  0%| F|  |TAMS 0x0000000645400000, 0x0000000645400000| Untracked 
| 266|0x0000000645800000, 0x0000000645800000, 0x0000000645c00000|  0%| F|  |TAMS 0x0000000645800000, 0x0000000645800000| Untracked 
| 267|0x0000000645c00000, 0x0000000645c00000, 0x0000000646000000|  0%| F|  |TAMS 0x0000000645c00000, 0x0000000645c00000| Untracked 
| 268|0x0000000646000000, 0x0000000646000000, 0x0000000646400000|  0%| F|  |TAMS 0x0000000646000000, 0x0000000646000000| Untracked 
| 269|0x0000000646400000, 0x0000000646400000, 0x0000000646800000|  0%| F|  |TAMS 0x0000000646400000, 0x0000000646400000| Untracked 
| 270|0x0000000646800000, 0x0000000646800000, 0x0000000646c00000|  0%| F|  |TAMS 0x0000000646800000, 0x0000000646800000| Untracked 
| 271|0x0000000646c00000, 0x0000000646c00000, 0x0000000647000000|  0%| F|  |TAMS 0x0000000646c00000, 0x0000000646c00000| Untracked 
| 272|0x0000000647000000, 0x0000000647000000, 0x0000000647400000|  0%| F|  |TAMS 0x0000000647000000, 0x0000000647000000| Untracked 
| 273|0x0000000647400000, 0x0000000647400000, 0x0000000647800000|  0%| F|  |TAMS 0x0000000647400000, 0x0000000647400000| Untracked 
| 274|0x0000000647800000, 0x0000000647800000, 0x0000000647c00000|  0%| F|  |TAMS 0x0000000647800000, 0x0000000647800000| Untracked 
| 275|0x0000000647c00000, 0x0000000647c00000, 0x0000000648000000|  0%| F|  |TAMS 0x0000000647c00000, 0x0000000647c00000| Untracked 
| 276|0x0000000648000000, 0x0000000648000000, 0x0000000648400000|  0%| F|  |TAMS 0x0000000648000000, 0x0000000648000000| Untracked 
| 277|0x0000000648400000, 0x0000000648400000, 0x0000000648800000|  0%| F|  |TAMS 0x0000000648400000, 0x0000000648400000| Untracked 
| 278|0x0000000648800000, 0x0000000648800000, 0x0000000648c00000|  0%| F|  |TAMS 0x0000000648800000, 0x0000000648800000| Untracked 
| 279|0x0000000648c00000, 0x0000000648c00000, 0x0000000649000000|  0%| F|  |TAMS 0x0000000648c00000, 0x0000000648c00000| Untracked 
| 280|0x0000000649000000, 0x0000000649000000, 0x0000000649400000|  0%| F|  |TAMS 0x0000000649000000, 0x0000000649000000| Untracked 
| 281|0x0000000649400000, 0x0000000649400000, 0x0000000649800000|  0%| F|  |TAMS 0x0000000649400000, 0x0000000649400000| Untracked 
| 282|0x0000000649800000, 0x0000000649800000, 0x0000000649c00000|  0%| F|  |TAMS 0x0000000649800000, 0x0000000649800000| Untracked 
| 283|0x0000000649c00000, 0x0000000649c00000, 0x000000064a000000|  0%| F|  |TAMS 0x0000000649c00000, 0x0000000649c00000| Untracked 
| 284|0x000000064a000000, 0x000000064a000000, 0x000000064a400000|  0%| F|  |TAMS 0x000000064a000000, 0x000000064a000000| Untracked 
| 285|0x000000064a400000, 0x000000064a400000, 0x000000064a800000|  0%| F|  |TAMS 0x000000064a400000, 0x000000064a400000| Untracked 
| 286|0x000000064a800000, 0x000000064a800000, 0x000000064ac00000|  0%| F|  |TAMS 0x000000064a800000, 0x000000064a800000| Untracked 
| 287|0x000000064ac00000, 0x000000064ac00000, 0x000000064b000000|  0%| F|  |TAMS 0x000000064ac00000, 0x000000064ac00000| Untracked 
| 288|0x000000064b000000, 0x000000064b000000, 0x000000064b400000|  0%| F|  |TAMS 0x000000064b000000, 0x000000064b000000| Untracked 
| 289|0x000000064b400000, 0x000000064b400000, 0x000000064b800000|  0%| F|  |TAMS 0x000000064b400000, 0x000000064b400000| Untracked 
| 290|0x000000064b800000, 0x000000064b800000, 0x000000064bc00000|  0%| F|  |TAMS 0x000000064b800000, 0x000000064b800000| Untracked 
| 291|0x000000064bc00000, 0x000000064bc00000, 0x000000064c000000|  0%| F|  |TAMS 0x000000064bc00000, 0x000000064bc00000| Untracked 
| 292|0x000000064c000000, 0x000000064c000000, 0x000000064c400000|  0%| F|  |TAMS 0x000000064c000000, 0x000000064c000000| Untracked 
| 293|0x000000064c400000, 0x000000064c400000, 0x000000064c800000|  0%| F|  |TAMS 0x000000064c400000, 0x000000064c400000| Untracked 
| 294|0x000000064c800000, 0x000000064c800000, 0x000000064cc00000|  0%| F|  |TAMS 0x000000064c800000, 0x000000064c800000| Untracked 
| 295|0x000000064cc00000, 0x000000064cc00000, 0x000000064d000000|  0%| F|  |TAMS 0x000000064cc00000, 0x000000064cc00000| Untracked 
| 296|0x000000064d000000, 0x000000064d000000, 0x000000064d400000|  0%| F|  |TAMS 0x000000064d000000, 0x000000064d000000| Untracked 
| 297|0x000000064d400000, 0x000000064d400000, 0x000000064d800000|  0%| F|  |TAMS 0x000000064d400000, 0x000000064d400000| Untracked 
| 298|0x000000064d800000, 0x000000064d800000, 0x000000064dc00000|  0%| F|  |TAMS 0x000000064d800000, 0x000000064d800000| Untracked 
| 299|0x000000064dc00000, 0x000000064dc00000, 0x000000064e000000|  0%| F|  |TAMS 0x000000064dc00000, 0x000000064dc00000| Untracked 
| 300|0x000000064e000000, 0x000000064e000000, 0x000000064e400000|  0%| F|  |TAMS 0x000000064e000000, 0x000000064e000000| Untracked 
| 301|0x000000064e400000, 0x000000064e400000, 0x000000064e800000|  0%| F|  |TAMS 0x000000064e400000, 0x000000064e400000| Untracked 
| 302|0x000000064e800000, 0x000000064e800000, 0x000000064ec00000|  0%| F|  |TAMS 0x000000064e800000, 0x000000064e800000| Untracked 
| 303|0x000000064ec00000, 0x000000064ec00000, 0x000000064f000000|  0%| F|  |TAMS 0x000000064ec00000, 0x000000064ec00000| Untracked 
| 304|0x000000064f000000, 0x000000064f000000, 0x000000064f400000|  0%| F|  |TAMS 0x000000064f000000, 0x000000064f000000| Untracked 
| 305|0x000000064f400000, 0x000000064f400000, 0x000000064f800000|  0%| F|  |TAMS 0x000000064f400000, 0x000000064f400000| Untracked 
| 306|0x000000064f800000, 0x000000064f800000, 0x000000064fc00000|  0%| F|  |TAMS 0x000000064f800000, 0x000000064f800000| Untracked 
| 307|0x000000064fc00000, 0x000000064fc00000, 0x0000000650000000|  0%| F|  |TAMS 0x000000064fc00000, 0x000000064fc00000| Untracked 
| 308|0x0000000650000000, 0x0000000650000000, 0x0000000650400000|  0%| F|  |TAMS 0x0000000650000000, 0x0000000650000000| Untracked 
| 309|0x0000000650400000, 0x0000000650400000, 0x0000000650800000|  0%| F|  |TAMS 0x0000000650400000, 0x0000000650400000| Untracked 
| 310|0x0000000650800000, 0x0000000650800000, 0x0000000650c00000|  0%| F|  |TAMS 0x0000000650800000, 0x0000000650800000| Untracked 
| 311|0x0000000650c00000, 0x0000000650c00000, 0x0000000651000000|  0%| F|  |TAMS 0x0000000650c00000, 0x0000000650c00000| Untracked 
| 312|0x0000000651000000, 0x0000000651000000, 0x0000000651400000|  0%| F|  |TAMS 0x0000000651000000, 0x0000000651000000| Untracked 
| 313|0x0000000651400000, 0x0000000651400000, 0x0000000651800000|  0%| F|  |TAMS 0x0000000651400000, 0x0000000651400000| Untracked 
| 314|0x0000000651800000, 0x0000000651800000, 0x0000000651c00000|  0%| F|  |TAMS 0x0000000651800000, 0x0000000651800000| Untracked 
| 315|0x0000000651c00000, 0x0000000651c00000, 0x0000000652000000|  0%| F|  |TAMS 0x0000000651c00000, 0x0000000651c00000| Untracked 
| 316|0x0000000652000000, 0x0000000652000000, 0x0000000652400000|  0%| F|  |TAMS 0x0000000652000000, 0x0000000652000000| Untracked 
| 317|0x0000000652400000, 0x0000000652400000, 0x0000000652800000|  0%| F|  |TAMS 0x0000000652400000, 0x0000000652400000| Untracked 
| 318|0x0000000652800000, 0x0000000652800000, 0x0000000652c00000|  0%| F|  |TAMS 0x0000000652800000, 0x0000000652800000| Untracked 
| 319|0x0000000652c00000, 0x0000000652c00000, 0x0000000653000000|  0%| F|  |TAMS 0x0000000652c00000, 0x0000000652c00000| Untracked 
| 320|0x0000000653000000, 0x0000000653000000, 0x0000000653400000|  0%| F|  |TAMS 0x0000000653000000, 0x0000000653000000| Untracked 
| 321|0x0000000653400000, 0x0000000653400000, 0x0000000653800000|  0%| F|  |TAMS 0x0000000653400000, 0x0000000653400000| Untracked 
| 322|0x0000000653800000, 0x0000000653800000, 0x0000000653c00000|  0%| F|  |TAMS 0x0000000653800000, 0x0000000653800000| Untracked 
| 323|0x0000000653c00000, 0x0000000653c00000, 0x0000000654000000|  0%| F|  |TAMS 0x0000000653c00000, 0x0000000653c00000| Untracked 
| 324|0x0000000654000000, 0x0000000654000000, 0x0000000654400000|  0%| F|  |TAMS 0x0000000654000000, 0x0000000654000000| Untracked 
| 325|0x0000000654400000, 0x0000000654400000, 0x0000000654800000|  0%| F|  |TAMS 0x0000000654400000, 0x0000000654400000| Untracked 
| 326|0x0000000654800000, 0x0000000654800000, 0x0000000654c00000|  0%| F|  |TAMS 0x0000000654800000, 0x0000000654800000| Untracked 
| 327|0x0000000654c00000, 0x0000000654c00000, 0x0000000655000000|  0%| F|  |TAMS 0x0000000654c00000, 0x0000000654c00000| Untracked 
| 328|0x0000000655000000, 0x0000000655000000, 0x0000000655400000|  0%| F|  |TAMS 0x0000000655000000, 0x0000000655000000| Untracked 
| 329|0x0000000655400000, 0x0000000655400000, 0x0000000655800000|  0%| F|  |TAMS 0x0000000655400000, 0x0000000655400000| Untracked 
| 330|0x0000000655800000, 0x0000000655800000, 0x0000000655c00000|  0%| F|  |TAMS 0x0000000655800000, 0x0000000655800000| Untracked 
| 331|0x0000000655c00000, 0x0000000655c00000, 0x0000000656000000|  0%| F|  |TAMS 0x0000000655c00000, 0x0000000655c00000| Untracked 
| 332|0x0000000656000000, 0x0000000656000000, 0x0000000656400000|  0%| F|  |TAMS 0x0000000656000000, 0x0000000656000000| Untracked 
| 333|0x0000000656400000, 0x0000000656400000, 0x0000000656800000|  0%| F|  |TAMS 0x0000000656400000, 0x0000000656400000| Untracked 
| 334|0x0000000656800000, 0x0000000656800000, 0x0000000656c00000|  0%| F|  |TAMS 0x0000000656800000, 0x0000000656800000| Untracked 
| 335|0x0000000656c00000, 0x0000000656c00000, 0x0000000657000000|  0%| F|  |TAMS 0x0000000656c00000, 0x0000000656c00000| Untracked 
| 336|0x0000000657000000, 0x0000000657000000, 0x0000000657400000|  0%| F|  |TAMS 0x0000000657000000, 0x0000000657000000| Untracked 
| 337|0x0000000657400000, 0x0000000657400000, 0x0000000657800000|  0%| F|  |TAMS 0x0000000657400000, 0x0000000657400000| Untracked 
| 338|0x0000000657800000, 0x0000000657800000, 0x0000000657c00000|  0%| F|  |TAMS 0x0000000657800000, 0x0000000657800000| Untracked 
| 339|0x0000000657c00000, 0x0000000657c00000, 0x0000000658000000|  0%| F|  |TAMS 0x0000000657c00000, 0x0000000657c00000| Untracked 
| 340|0x0000000658000000, 0x0000000658000000, 0x0000000658400000|  0%| F|  |TAMS 0x0000000658000000, 0x0000000658000000| Untracked 
| 341|0x0000000658400000, 0x0000000658400000, 0x0000000658800000|  0%| F|  |TAMS 0x0000000658400000, 0x0000000658400000| Untracked 
| 342|0x0000000658800000, 0x0000000658800000, 0x0000000658c00000|  0%| F|  |TAMS 0x0000000658800000, 0x0000000658800000| Untracked 
| 343|0x0000000658c00000, 0x0000000658c00000, 0x0000000659000000|  0%| F|  |TAMS 0x0000000658c00000, 0x0000000658c00000| Untracked 
| 344|0x0000000659000000, 0x0000000659000000, 0x0000000659400000|  0%| F|  |TAMS 0x0000000659000000, 0x0000000659000000| Untracked 
| 345|0x0000000659400000, 0x0000000659400000, 0x0000000659800000|  0%| F|  |TAMS 0x0000000659400000, 0x0000000659400000| Untracked 
| 346|0x0000000659800000, 0x0000000659800000, 0x0000000659c00000|  0%| F|  |TAMS 0x0000000659800000, 0x0000000659800000| Untracked 
| 347|0x0000000659c00000, 0x0000000659c00000, 0x000000065a000000|  0%| F|  |TAMS 0x0000000659c00000, 0x0000000659c00000| Untracked 
| 348|0x000000065a000000, 0x000000065a000000, 0x000000065a400000|  0%| F|  |TAMS 0x000000065a000000, 0x000000065a000000| Untracked 
| 349|0x000000065a400000, 0x000000065a400000, 0x000000065a800000|  0%| F|  |TAMS 0x000000065a400000, 0x000000065a400000| Untracked 
| 350|0x000000065a800000, 0x000000065a800000, 0x000000065ac00000|  0%| F|  |TAMS 0x000000065a800000, 0x000000065a800000| Untracked 
| 351|0x000000065ac00000, 0x000000065ac00000, 0x000000065b000000|  0%| F|  |TAMS 0x000000065ac00000, 0x000000065ac00000| Untracked 
| 352|0x000000065b000000, 0x000000065b000000, 0x000000065b400000|  0%| F|  |TAMS 0x000000065b000000, 0x000000065b000000| Untracked 
| 353|0x000000065b400000, 0x000000065b400000, 0x000000065b800000|  0%| F|  |TAMS 0x000000065b400000, 0x000000065b400000| Untracked 
| 354|0x000000065b800000, 0x000000065b800000, 0x000000065bc00000|  0%| F|  |TAMS 0x000000065b800000, 0x000000065b800000| Untracked 
| 355|0x000000065bc00000, 0x000000065bc00000, 0x000000065c000000|  0%| F|  |TAMS 0x000000065bc00000, 0x000000065bc00000| Untracked 
| 356|0x000000065c000000, 0x000000065c000000, 0x000000065c400000|  0%| F|  |TAMS 0x000000065c000000, 0x000000065c000000| Untracked 
| 357|0x000000065c400000, 0x000000065c400000, 0x000000065c800000|  0%| F|  |TAMS 0x000000065c400000, 0x000000065c400000| Untracked 
| 358|0x000000065c800000, 0x000000065c800000, 0x000000065cc00000|  0%| F|  |TAMS 0x000000065c800000, 0x000000065c800000| Untracked 
| 359|0x000000065cc00000, 0x000000065cc00000, 0x000000065d000000|  0%| F|  |TAMS 0x000000065cc00000, 0x000000065cc00000| Untracked 
| 360|0x000000065d000000, 0x000000065d000000, 0x000000065d400000|  0%| F|  |TAMS 0x000000065d000000, 0x000000065d000000| Untracked 
| 361|0x000000065d400000, 0x000000065d400000, 0x000000065d800000|  0%| F|  |TAMS 0x000000065d400000, 0x000000065d400000| Untracked 
| 362|0x000000065d800000, 0x000000065d800000, 0x000000065dc00000|  0%| F|  |TAMS 0x000000065d800000, 0x000000065d800000| Untracked 
| 363|0x000000065dc00000, 0x000000065dc00000, 0x000000065e000000|  0%| F|  |TAMS 0x000000065dc00000, 0x000000065dc00000| Untracked 
| 364|0x000000065e000000, 0x000000065e000000, 0x000000065e400000|  0%| F|  |TAMS 0x000000065e000000, 0x000000065e000000| Untracked 
| 365|0x000000065e400000, 0x000000065e400000, 0x000000065e800000|  0%| F|  |TAMS 0x000000065e400000, 0x000000065e400000| Untracked 
| 366|0x000000065e800000, 0x000000065e800000, 0x000000065ec00000|  0%| F|  |TAMS 0x000000065e800000, 0x000000065e800000| Untracked 
| 367|0x000000065ec00000, 0x000000065ec00000, 0x000000065f000000|  0%| F|  |TAMS 0x000000065ec00000, 0x000000065ec00000| Untracked 
| 368|0x000000065f000000, 0x000000065f000000, 0x000000065f400000|  0%| F|  |TAMS 0x000000065f000000, 0x000000065f000000| Untracked 
| 369|0x000000065f400000, 0x000000065f400000, 0x000000065f800000|  0%| F|  |TAMS 0x000000065f400000, 0x000000065f400000| Untracked 
| 370|0x000000065f800000, 0x000000065f800000, 0x000000065fc00000|  0%| F|  |TAMS 0x000000065f800000, 0x000000065f800000| Untracked 
| 371|0x000000065fc00000, 0x000000065fc00000, 0x0000000660000000|  0%| F|  |TAMS 0x000000065fc00000, 0x000000065fc00000| Untracked 
| 372|0x0000000660000000, 0x0000000660000000, 0x0000000660400000|  0%| F|  |TAMS 0x0000000660000000, 0x0000000660000000| Untracked 
| 373|0x0000000660400000, 0x0000000660400000, 0x0000000660800000|  0%| F|  |TAMS 0x0000000660400000, 0x0000000660400000| Untracked 
| 374|0x0000000660800000, 0x0000000660800000, 0x0000000660c00000|  0%| F|  |TAMS 0x0000000660800000, 0x0000000660800000| Untracked 
| 375|0x0000000660c00000, 0x0000000660c00000, 0x0000000661000000|  0%| F|  |TAMS 0x0000000660c00000, 0x0000000660c00000| Untracked 
| 376|0x0000000661000000, 0x0000000661000000, 0x0000000661400000|  0%| F|  |TAMS 0x0000000661000000, 0x0000000661000000| Untracked 
| 377|0x0000000661400000, 0x0000000661400000, 0x0000000661800000|  0%| F|  |TAMS 0x0000000661400000, 0x0000000661400000| Untracked 
| 378|0x0000000661800000, 0x0000000661800000, 0x0000000661c00000|  0%| F|  |TAMS 0x0000000661800000, 0x0000000661800000| Untracked 
| 379|0x0000000661c00000, 0x0000000661c00000, 0x0000000662000000|  0%| F|  |TAMS 0x0000000661c00000, 0x0000000661c00000| Untracked 
| 380|0x0000000662000000, 0x0000000662000000, 0x0000000662400000|  0%| F|  |TAMS 0x0000000662000000, 0x0000000662000000| Untracked 
| 381|0x0000000662400000, 0x0000000662400000, 0x0000000662800000|  0%| F|  |TAMS 0x0000000662400000, 0x0000000662400000| Untracked 
| 382|0x0000000662800000, 0x0000000662800000, 0x0000000662c00000|  0%| F|  |TAMS 0x0000000662800000, 0x0000000662800000| Untracked 
| 383|0x0000000662c00000, 0x0000000662c00000, 0x0000000663000000|  0%| F|  |TAMS 0x0000000662c00000, 0x0000000662c00000| Untracked 
| 384|0x0000000663000000, 0x0000000663000000, 0x0000000663400000|  0%| F|  |TAMS 0x0000000663000000, 0x0000000663000000| Untracked 
| 385|0x0000000663400000, 0x0000000663400000, 0x0000000663800000|  0%| F|  |TAMS 0x0000000663400000, 0x0000000663400000| Untracked 
| 386|0x0000000663800000, 0x0000000663800000, 0x0000000663c00000|  0%| F|  |TAMS 0x0000000663800000, 0x0000000663800000| Untracked 
| 387|0x0000000663c00000, 0x0000000663c00000, 0x0000000664000000|  0%| F|  |TAMS 0x0000000663c00000, 0x0000000663c00000| Untracked 
| 388|0x0000000664000000, 0x0000000664000000, 0x0000000664400000|  0%| F|  |TAMS 0x0000000664000000, 0x0000000664000000| Untracked 
| 389|0x0000000664400000, 0x0000000664400000, 0x0000000664800000|  0%| F|  |TAMS 0x0000000664400000, 0x0000000664400000| Untracked 
| 390|0x0000000664800000, 0x0000000664800000, 0x0000000664c00000|  0%| F|  |TAMS 0x0000000664800000, 0x0000000664800000| Untracked 
| 391|0x0000000664c00000, 0x0000000664c00000, 0x0000000665000000|  0%| F|  |TAMS 0x0000000664c00000, 0x0000000664c00000| Untracked 
| 392|0x0000000665000000, 0x0000000665000000, 0x0000000665400000|  0%| F|  |TAMS 0x0000000665000000, 0x0000000665000000| Untracked 
| 393|0x0000000665400000, 0x0000000665400000, 0x0000000665800000|  0%| F|  |TAMS 0x0000000665400000, 0x0000000665400000| Untracked 
| 394|0x0000000665800000, 0x0000000665800000, 0x0000000665c00000|  0%| F|  |TAMS 0x0000000665800000, 0x0000000665800000| Untracked 
| 395|0x0000000665c00000, 0x0000000665c00000, 0x0000000666000000|  0%| F|  |TAMS 0x0000000665c00000, 0x0000000665c00000| Untracked 
| 396|0x0000000666000000, 0x0000000666000000, 0x0000000666400000|  0%| F|  |TAMS 0x0000000666000000, 0x0000000666000000| Untracked 
| 397|0x0000000666400000, 0x0000000666400000, 0x0000000666800000|  0%| F|  |TAMS 0x0000000666400000, 0x0000000666400000| Untracked 
| 398|0x0000000666800000, 0x0000000666800000, 0x0000000666c00000|  0%| F|  |TAMS 0x0000000666800000, 0x0000000666800000| Untracked 
| 399|0x0000000666c00000, 0x0000000666c00000, 0x0000000667000000|  0%| F|  |TAMS 0x0000000666c00000, 0x0000000666c00000| Untracked 
| 400|0x0000000667000000, 0x0000000667000000, 0x0000000667400000|  0%| F|  |TAMS 0x0000000667000000, 0x0000000667000000| Untracked 
| 401|0x0000000667400000, 0x0000000667400000, 0x0000000667800000|  0%| F|  |TAMS 0x0000000667400000, 0x0000000667400000| Untracked 
| 402|0x0000000667800000, 0x0000000667800000, 0x0000000667c00000|  0%| F|  |TAMS 0x0000000667800000, 0x0000000667800000| Untracked 
| 403|0x0000000667c00000, 0x0000000667c00000, 0x0000000668000000|  0%| F|  |TAMS 0x0000000667c00000, 0x0000000667c00000| Untracked 
| 404|0x0000000668000000, 0x0000000668200000, 0x0000000668400000| 50%| E|  |TAMS 0x0000000668000000, 0x0000000668000000| Complete 
| 405|0x0000000668400000, 0x0000000668800000, 0x0000000668800000|100%|HS|  |TAMS 0x0000000668800000, 0x0000000668400000| Complete 
| 406|0x0000000668800000, 0x0000000668c00000, 0x0000000668c00000|100%|HC|  |TAMS 0x0000000668c00000, 0x0000000668800000| Complete 
| 407|0x0000000668c00000, 0x0000000669000000, 0x0000000669000000|100%|HC|  |TAMS 0x0000000669000000, 0x0000000668c00000| Complete 
| 408|0x0000000669000000, 0x0000000669400000, 0x0000000669400000|100%|HC|  |TAMS 0x0000000669400000, 0x0000000669000000| Complete 
| 409|0x0000000669400000, 0x0000000669800000, 0x0000000669800000|100%|HC|  |TAMS 0x0000000669800000, 0x0000000669400000| Complete 
| 410|0x0000000669800000, 0x0000000669c00000, 0x0000000669c00000|100%|HC|  |TAMS 0x0000000669c00000, 0x0000000669800000| Complete 
| 411|0x0000000669c00000, 0x000000066a000000, 0x000000066a000000|100%|HC|  |TAMS 0x000000066a000000, 0x0000000669c00000| Complete 
| 412|0x000000066a000000, 0x000000066a400000, 0x000000066a400000|100%|HC|  |TAMS 0x000000066a400000, 0x000000066a000000| Complete 
| 413|0x000000066a400000, 0x000000066a800000, 0x000000066a800000|100%|HC|  |TAMS 0x000000066a800000, 0x000000066a400000| Complete 
| 414|0x000000066a800000, 0x000000066ac00000, 0x000000066ac00000|100%|HC|  |TAMS 0x000000066ac00000, 0x000000066a800000| Complete 
| 415|0x000000066ac00000, 0x000000066b000000, 0x000000066b000000|100%|HC|  |TAMS 0x000000066b000000, 0x000000066ac00000| Complete 
| 416|0x000000066b000000, 0x000000066b400000, 0x000000066b400000|100%|HC|  |TAMS 0x000000066b400000, 0x000000066b000000| Complete 
| 417|0x000000066b400000, 0x000000066b800000, 0x000000066b800000|100%|HC|  |TAMS 0x000000066b800000, 0x000000066b400000| Complete 
| 418|0x000000066b800000, 0x000000066bc00000, 0x000000066bc00000|100%|HC|  |TAMS 0x000000066bc00000, 0x000000066b800000| Complete 
| 419|0x000000066bc00000, 0x000000066c000000, 0x000000066c000000|100%|HC|  |TAMS 0x000000066c000000, 0x000000066bc00000| Complete 
| 420|0x000000066c000000, 0x000000066c400000, 0x000000066c400000|100%|HC|  |TAMS 0x000000066c400000, 0x000000066c000000| Complete 
| 421|0x000000066c400000, 0x000000066c800000, 0x000000066c800000|100%|HC|  |TAMS 0x000000066c800000, 0x000000066c400000| Complete 
| 422|0x000000066c800000, 0x000000066cc00000, 0x000000066cc00000|100%|HC|  |TAMS 0x000000066cc00000, 0x000000066c800000| Complete 
| 423|0x000000066cc00000, 0x000000066d000000, 0x000000066d000000|100%|HC|  |TAMS 0x000000066d000000, 0x000000066cc00000| Complete 
| 424|0x000000066d000000, 0x000000066d400000, 0x000000066d400000|100%|HC|  |TAMS 0x000000066d400000, 0x000000066d000000| Complete 
| 425|0x000000066d400000, 0x000000066d800000, 0x000000066d800000|100%|HC|  |TAMS 0x000000066d800000, 0x000000066d400000| Complete 
| 426|0x000000066d800000, 0x000000066dc00000, 0x000000066dc00000|100%|HC|  |TAMS 0x000000066dc00000, 0x000000066d800000| Complete 
| 427|0x000000066dc00000, 0x000000066e000000, 0x000000066e000000|100%|HC|  |TAMS 0x000000066e000000, 0x000000066dc00000| Complete 
| 428|0x000000066e000000, 0x000000066e400000, 0x000000066e400000|100%|HC|  |TAMS 0x000000066e400000, 0x000000066e000000| Complete 
| 429|0x000000066e400000, 0x000000066e800000, 0x000000066e800000|100%|HC|  |TAMS 0x000000066e800000, 0x000000066e400000| Complete 
| 430|0x000000066e800000, 0x000000066ec00000, 0x000000066ec00000|100%|HC|  |TAMS 0x000000066ec00000, 0x000000066e800000| Complete 
| 431|0x000000066ec00000, 0x000000066f000000, 0x000000066f000000|100%|HC|  |TAMS 0x000000066f000000, 0x000000066ec00000| Complete 
| 432|0x000000066f000000, 0x000000066f400000, 0x000000066f400000|100%|HC|  |TAMS 0x000000066f400000, 0x000000066f000000| Complete 
| 433|0x000000066f400000, 0x000000066f800000, 0x000000066f800000|100%|HC|  |TAMS 0x000000066f800000, 0x000000066f400000| Complete 
| 434|0x000000066f800000, 0x000000066fc00000, 0x000000066fc00000|100%|HC|  |TAMS 0x000000066fc00000, 0x000000066f800000| Complete 
| 435|0x000000066fc00000, 0x0000000670000000, 0x0000000670000000|100%|HC|  |TAMS 0x0000000670000000, 0x000000066fc00000| Complete 
| 436|0x0000000670000000, 0x0000000670400000, 0x0000000670400000|100%|HC|  |TAMS 0x0000000670400000, 0x0000000670000000| Complete 
| 437|0x0000000670400000, 0x0000000670800000, 0x0000000670800000|100%|HC|  |TAMS 0x0000000670800000, 0x0000000670400000| Complete 
| 438|0x0000000670800000, 0x0000000670c00000, 0x0000000670c00000|100%|HC|  |TAMS 0x0000000670c00000, 0x0000000670800000| Complete 
| 439|0x0000000670c00000, 0x0000000671000000, 0x0000000671000000|100%|HC|  |TAMS 0x0000000671000000, 0x0000000670c00000| Complete 
| 440|0x0000000671000000, 0x0000000671400000, 0x0000000671400000|100%|HC|  |TAMS 0x0000000671400000, 0x0000000671000000| Complete 
| 441|0x0000000671400000, 0x0000000671800000, 0x0000000671800000|100%|HC|  |TAMS 0x0000000671800000, 0x0000000671400000| Complete 
| 442|0x0000000671800000, 0x0000000671c00000, 0x0000000671c00000|100%|HC|  |TAMS 0x0000000671c00000, 0x0000000671800000| Complete 
| 443|0x0000000671c00000, 0x0000000672000000, 0x0000000672000000|100%|HC|  |TAMS 0x0000000672000000, 0x0000000671c00000| Complete 
| 444|0x0000000672000000, 0x0000000672400000, 0x0000000672400000|100%|HC|  |TAMS 0x0000000672400000, 0x0000000672000000| Complete 
| 445|0x0000000672400000, 0x0000000672800000, 0x0000000672800000|100%|HC|  |TAMS 0x0000000672800000, 0x0000000672400000| Complete 
| 446|0x0000000672800000, 0x0000000672c00000, 0x0000000672c00000|100%|HC|  |TAMS 0x0000000672c00000, 0x0000000672800000| Complete 
| 447|0x0000000672c00000, 0x0000000673000000, 0x0000000673000000|100%|HC|  |TAMS 0x0000000673000000, 0x0000000672c00000| Complete 
| 448|0x0000000673000000, 0x0000000673400000, 0x0000000673400000|100%|HC|  |TAMS 0x0000000673400000, 0x0000000673000000| Complete 
| 449|0x0000000673400000, 0x0000000673800000, 0x0000000673800000|100%|HC|  |TAMS 0x0000000673800000, 0x0000000673400000| Complete 
| 450|0x0000000673800000, 0x0000000673c00000, 0x0000000673c00000|100%|HC|  |TAMS 0x0000000673c00000, 0x0000000673800000| Complete 
| 451|0x0000000673c00000, 0x0000000674000000, 0x0000000674000000|100%|HC|  |TAMS 0x0000000674000000, 0x0000000673c00000| Complete 
| 452|0x0000000674000000, 0x0000000674400000, 0x0000000674400000|100%|HC|  |TAMS 0x0000000674400000, 0x0000000674000000| Complete 
| 453|0x0000000674400000, 0x0000000674800000, 0x0000000674800000|100%|HC|  |TAMS 0x0000000674800000, 0x0000000674400000| Complete 
| 454|0x0000000674800000, 0x0000000674c00000, 0x0000000674c00000|100%|HC|  |TAMS 0x0000000674c00000, 0x0000000674800000| Complete 
| 455|0x0000000674c00000, 0x0000000675000000, 0x0000000675000000|100%|HC|  |TAMS 0x0000000675000000, 0x0000000674c00000| Complete 
| 456|0x0000000675000000, 0x0000000675400000, 0x0000000675400000|100%|HC|  |TAMS 0x0000000675400000, 0x0000000675000000| Complete 
| 457|0x0000000675400000, 0x0000000675800000, 0x0000000675800000|100%|HC|  |TAMS 0x0000000675800000, 0x0000000675400000| Complete 
| 458|0x0000000675800000, 0x0000000675c00000, 0x0000000675c00000|100%|HC|  |TAMS 0x0000000675c00000, 0x0000000675800000| Complete 
| 459|0x0000000675c00000, 0x0000000676000000, 0x0000000676000000|100%|HC|  |TAMS 0x0000000676000000, 0x0000000675c00000| Complete 
| 460|0x0000000676000000, 0x0000000676400000, 0x0000000676400000|100%|HC|  |TAMS 0x0000000676400000, 0x0000000676000000| Complete 
| 461|0x0000000676400000, 0x0000000676800000, 0x0000000676800000|100%|HC|  |TAMS 0x0000000676800000, 0x0000000676400000| Complete 
| 462|0x0000000676800000, 0x0000000676c00000, 0x0000000676c00000|100%|HC|  |TAMS 0x0000000676c00000, 0x0000000676800000| Complete 
| 463|0x0000000676c00000, 0x0000000677000000, 0x0000000677000000|100%|HC|  |TAMS 0x0000000677000000, 0x0000000676c00000| Complete 
| 464|0x0000000677000000, 0x0000000677400000, 0x0000000677400000|100%|HC|  |TAMS 0x0000000677400000, 0x0000000677000000| Complete 
| 465|0x0000000677400000, 0x0000000677800000, 0x0000000677800000|100%|HC|  |TAMS 0x0000000677800000, 0x0000000677400000| Complete 
| 466|0x0000000677800000, 0x0000000677c00000, 0x0000000677c00000|100%|HC|  |TAMS 0x0000000677c00000, 0x0000000677800000| Complete 
| 467|0x0000000677c00000, 0x0000000678000000, 0x0000000678000000|100%|HC|  |TAMS 0x0000000678000000, 0x0000000677c00000| Complete 
| 468|0x0000000678000000, 0x0000000678400000, 0x0000000678400000|100%|HC|  |TAMS 0x0000000678400000, 0x0000000678000000| Complete 
| 469|0x0000000678400000, 0x0000000678800000, 0x0000000678800000|100%|HC|  |TAMS 0x0000000678800000, 0x0000000678400000| Complete 
| 470|0x0000000678800000, 0x0000000678c00000, 0x0000000678c00000|100%|HC|  |TAMS 0x0000000678c00000, 0x0000000678800000| Complete 
| 471|0x0000000678c00000, 0x0000000679000000, 0x0000000679000000|100%|HC|  |TAMS 0x0000000679000000, 0x0000000678c00000| Complete 
| 472|0x0000000679000000, 0x0000000679400000, 0x0000000679400000|100%|HC|  |TAMS 0x0000000679400000, 0x0000000679000000| Complete 
| 473|0x0000000679400000, 0x0000000679800000, 0x0000000679800000|100%|HC|  |TAMS 0x0000000679800000, 0x0000000679400000| Complete 
| 474|0x0000000679800000, 0x0000000679c00000, 0x0000000679c00000|100%|HC|  |TAMS 0x0000000679c00000, 0x0000000679800000| Complete 
| 475|0x0000000679c00000, 0x000000067a000000, 0x000000067a000000|100%|HC|  |TAMS 0x000000067a000000, 0x0000000679c00000| Complete 
| 476|0x000000067a000000, 0x000000067a400000, 0x000000067a400000|100%|HC|  |TAMS 0x000000067a400000, 0x000000067a000000| Complete 
| 477|0x000000067a400000, 0x000000067a800000, 0x000000067a800000|100%|HC|  |TAMS 0x000000067a800000, 0x000000067a400000| Complete 
| 478|0x000000067a800000, 0x000000067ac00000, 0x000000067ac00000|100%|HC|  |TAMS 0x000000067ac00000, 0x000000067a800000| Complete 
| 479|0x000000067ac00000, 0x000000067b000000, 0x000000067b000000|100%|HC|  |TAMS 0x000000067b000000, 0x000000067ac00000| Complete 
| 480|0x000000067b000000, 0x000000067b400000, 0x000000067b400000|100%|HC|  |TAMS 0x000000067b400000, 0x000000067b000000| Complete 
| 481|0x000000067b400000, 0x000000067b800000, 0x000000067b800000|100%|HC|  |TAMS 0x000000067b800000, 0x000000067b400000| Complete 
| 482|0x000000067b800000, 0x000000067bc00000, 0x000000067bc00000|100%|HC|  |TAMS 0x000000067bc00000, 0x000000067b800000| Complete 
| 483|0x000000067bc00000, 0x000000067c000000, 0x000000067c000000|100%|HC|  |TAMS 0x000000067c000000, 0x000000067bc00000| Complete 
| 484|0x000000067c000000, 0x000000067c400000, 0x000000067c400000|100%|HC|  |TAMS 0x000000067c400000, 0x000000067c000000| Complete 
| 485|0x000000067c400000, 0x000000067c800000, 0x000000067c800000|100%|HC|  |TAMS 0x000000067c800000, 0x000000067c400000| Complete 
| 486|0x000000067c800000, 0x000000067cc00000, 0x000000067cc00000|100%|HC|  |TAMS 0x000000067cc00000, 0x000000067c800000| Complete 
| 487|0x000000067cc00000, 0x000000067d000000, 0x000000067d000000|100%|HC|  |TAMS 0x000000067d000000, 0x000000067cc00000| Complete 
| 488|0x000000067d000000, 0x000000067d400000, 0x000000067d400000|100%|HC|  |TAMS 0x000000067d400000, 0x000000067d000000| Complete 
| 489|0x000000067d400000, 0x000000067d800000, 0x000000067d800000|100%|HC|  |TAMS 0x000000067d800000, 0x000000067d400000| Complete 
| 490|0x000000067d800000, 0x000000067dc00000, 0x000000067dc00000|100%|HC|  |TAMS 0x000000067dc00000, 0x000000067d800000| Complete 
| 491|0x000000067dc00000, 0x000000067e000000, 0x000000067e000000|100%|HC|  |TAMS 0x000000067e000000, 0x000000067dc00000| Complete 
| 492|0x000000067e000000, 0x000000067e400000, 0x000000067e400000|100%|HC|  |TAMS 0x000000067e400000, 0x000000067e000000| Complete 
| 493|0x000000067e400000, 0x000000067e800000, 0x000000067e800000|100%|HC|  |TAMS 0x000000067e800000, 0x000000067e400000| Complete 
| 494|0x000000067e800000, 0x000000067ec00000, 0x000000067ec00000|100%|HC|  |TAMS 0x000000067ec00000, 0x000000067e800000| Complete 
| 495|0x000000067ec00000, 0x000000067f000000, 0x000000067f000000|100%|HC|  |TAMS 0x000000067f000000, 0x000000067ec00000| Complete 
| 496|0x000000067f000000, 0x000000067f400000, 0x000000067f400000|100%|HC|  |TAMS 0x000000067f400000, 0x000000067f000000| Complete 
| 497|0x000000067f400000, 0x000000067f800000, 0x000000067f800000|100%|HC|  |TAMS 0x000000067f800000, 0x000000067f400000| Complete 
| 498|0x000000067f800000, 0x000000067fc00000, 0x000000067fc00000|100%|HC|  |TAMS 0x000000067fc00000, 0x000000067f800000| Complete 
| 499|0x000000067fc00000, 0x0000000680000000, 0x0000000680000000|100%|HC|  |TAMS 0x0000000680000000, 0x000000067fc00000| Complete 
| 500|0x0000000680000000, 0x0000000680400000, 0x0000000680400000|100%|HC|  |TAMS 0x0000000680400000, 0x0000000680000000| Complete 
| 501|0x0000000680400000, 0x0000000680800000, 0x0000000680800000|100%|HC|  |TAMS 0x0000000680800000, 0x0000000680400000| Complete 
| 502|0x0000000680800000, 0x0000000680c00000, 0x0000000680c00000|100%|HC|  |TAMS 0x0000000680c00000, 0x0000000680800000| Complete 
| 503|0x0000000680c00000, 0x0000000681000000, 0x0000000681000000|100%|HC|  |TAMS 0x0000000681000000, 0x0000000680c00000| Complete 
| 504|0x0000000681000000, 0x0000000681400000, 0x0000000681400000|100%|HC|  |TAMS 0x0000000681400000, 0x0000000681000000| Complete 
| 505|0x0000000681400000, 0x0000000681800000, 0x0000000681800000|100%|HC|  |TAMS 0x0000000681800000, 0x0000000681400000| Complete 
| 506|0x0000000681800000, 0x0000000681c00000, 0x0000000681c00000|100%|HC|  |TAMS 0x0000000681c00000, 0x0000000681800000| Complete 
| 507|0x0000000681c00000, 0x0000000682000000, 0x0000000682000000|100%|HC|  |TAMS 0x0000000682000000, 0x0000000681c00000| Complete 
| 508|0x0000000682000000, 0x0000000682400000, 0x0000000682400000|100%|HC|  |TAMS 0x0000000682400000, 0x0000000682000000| Complete 
| 509|0x0000000682400000, 0x0000000682800000, 0x0000000682800000|100%|HC|  |TAMS 0x0000000682800000, 0x0000000682400000| Complete 
| 510|0x0000000682800000, 0x0000000682c00000, 0x0000000682c00000|100%|HC|  |TAMS 0x0000000682c00000, 0x0000000682800000| Complete 
| 511|0x0000000682c00000, 0x0000000683000000, 0x0000000683000000|100%|HC|  |TAMS 0x0000000683000000, 0x0000000682c00000| Complete 
| 512|0x0000000683000000, 0x0000000683400000, 0x0000000683400000|100%|HC|  |TAMS 0x0000000683400000, 0x0000000683000000| Complete 
| 513|0x0000000683400000, 0x0000000683800000, 0x0000000683800000|100%|HC|  |TAMS 0x0000000683800000, 0x0000000683400000| Complete 
| 514|0x0000000683800000, 0x0000000683c00000, 0x0000000683c00000|100%|HC|  |TAMS 0x0000000683c00000, 0x0000000683800000| Complete 
| 515|0x0000000683c00000, 0x0000000684000000, 0x0000000684000000|100%|HC|  |TAMS 0x0000000684000000, 0x0000000683c00000| Complete 
| 516|0x0000000684000000, 0x0000000684400000, 0x0000000684400000|100%|HC|  |TAMS 0x0000000684400000, 0x0000000684000000| Complete 
| 517|0x0000000684400000, 0x0000000684800000, 0x0000000684800000|100%|HC|  |TAMS 0x0000000684800000, 0x0000000684400000| Complete 
| 518|0x0000000684800000, 0x0000000684c00000, 0x0000000684c00000|100%|HC|  |TAMS 0x0000000684c00000, 0x0000000684800000| Complete 
| 519|0x0000000684c00000, 0x0000000685000000, 0x0000000685000000|100%|HC|  |TAMS 0x0000000685000000, 0x0000000684c00000| Complete 
| 520|0x0000000685000000, 0x0000000685400000, 0x0000000685400000|100%|HC|  |TAMS 0x0000000685400000, 0x0000000685000000| Complete 
| 521|0x0000000685400000, 0x0000000685800000, 0x0000000685800000|100%|HC|  |TAMS 0x0000000685800000, 0x0000000685400000| Complete 
| 522|0x0000000685800000, 0x0000000685c00000, 0x0000000685c00000|100%|HC|  |TAMS 0x0000000685c00000, 0x0000000685800000| Complete 
| 523|0x0000000685c00000, 0x0000000686000000, 0x0000000686000000|100%|HC|  |TAMS 0x0000000686000000, 0x0000000685c00000| Complete 
| 524|0x0000000686000000, 0x0000000686400000, 0x0000000686400000|100%|HC|  |TAMS 0x0000000686400000, 0x0000000686000000| Complete 
| 525|0x0000000686400000, 0x0000000686800000, 0x0000000686800000|100%|HC|  |TAMS 0x0000000686800000, 0x0000000686400000| Complete 
| 526|0x0000000686800000, 0x0000000686c00000, 0x0000000686c00000|100%|HC|  |TAMS 0x0000000686c00000, 0x0000000686800000| Complete 
| 527|0x0000000686c00000, 0x0000000687000000, 0x0000000687000000|100%|HC|  |TAMS 0x0000000687000000, 0x0000000686c00000| Complete 
| 528|0x0000000687000000, 0x0000000687400000, 0x0000000687400000|100%|HC|  |TAMS 0x0000000687400000, 0x0000000687000000| Complete 
| 529|0x0000000687400000, 0x0000000687800000, 0x0000000687800000|100%|HC|  |TAMS 0x0000000687800000, 0x0000000687400000| Complete 
| 530|0x0000000687800000, 0x0000000687c00000, 0x0000000687c00000|100%|HC|  |TAMS 0x0000000687c00000, 0x0000000687800000| Complete 
| 531|0x0000000687c00000, 0x0000000688000000, 0x0000000688000000|100%|HC|  |TAMS 0x0000000688000000, 0x0000000687c00000| Complete 
| 532|0x0000000688000000, 0x0000000688400000, 0x0000000688400000|100%|HC|  |TAMS 0x0000000688400000, 0x0000000688000000| Complete 
| 533|0x0000000688400000, 0x0000000688800000, 0x0000000688800000|100%|HC|  |TAMS 0x0000000688800000, 0x0000000688400000| Complete 
| 534|0x0000000688800000, 0x0000000688c00000, 0x0000000688c00000|100%|HC|  |TAMS 0x0000000688c00000, 0x0000000688800000| Complete 
| 535|0x0000000688c00000, 0x0000000689000000, 0x0000000689000000|100%|HC|  |TAMS 0x0000000689000000, 0x0000000688c00000| Complete 
| 536|0x0000000689000000, 0x0000000689400000, 0x0000000689400000|100%|HC|  |TAMS 0x0000000689400000, 0x0000000689000000| Complete 
| 537|0x0000000689400000, 0x0000000689800000, 0x0000000689800000|100%|HC|  |TAMS 0x0000000689800000, 0x0000000689400000| Complete 
| 538|0x0000000689800000, 0x0000000689c00000, 0x0000000689c00000|100%|HC|  |TAMS 0x0000000689c00000, 0x0000000689800000| Complete 
| 539|0x0000000689c00000, 0x000000068a000000, 0x000000068a000000|100%|HC|  |TAMS 0x000000068a000000, 0x0000000689c00000| Complete 
| 540|0x000000068a000000, 0x000000068a400000, 0x000000068a400000|100%|HC|  |TAMS 0x000000068a400000, 0x000000068a000000| Complete 
| 541|0x000000068a400000, 0x000000068a800000, 0x000000068a800000|100%|HC|  |TAMS 0x000000068a800000, 0x000000068a400000| Complete 
| 542|0x000000068a800000, 0x000000068ac00000, 0x000000068ac00000|100%|HC|  |TAMS 0x000000068ac00000, 0x000000068a800000| Complete 
| 543|0x000000068ac00000, 0x000000068b000000, 0x000000068b000000|100%|HC|  |TAMS 0x000000068b000000, 0x000000068ac00000| Complete 
| 544|0x000000068b000000, 0x000000068b400000, 0x000000068b400000|100%|HC|  |TAMS 0x000000068b400000, 0x000000068b000000| Complete 
| 545|0x000000068b400000, 0x000000068b800000, 0x000000068b800000|100%|HC|  |TAMS 0x000000068b800000, 0x000000068b400000| Complete 
| 546|0x000000068b800000, 0x000000068bc00000, 0x000000068bc00000|100%|HC|  |TAMS 0x000000068bc00000, 0x000000068b800000| Complete 
| 547|0x000000068bc00000, 0x000000068c000000, 0x000000068c000000|100%|HC|  |TAMS 0x000000068c000000, 0x000000068bc00000| Complete 
| 548|0x000000068c000000, 0x000000068c400000, 0x000000068c400000|100%|HC|  |TAMS 0x000000068c400000, 0x000000068c000000| Complete 
| 549|0x000000068c400000, 0x000000068c800000, 0x000000068c800000|100%|HC|  |TAMS 0x000000068c800000, 0x000000068c400000| Complete 
| 550|0x000000068c800000, 0x000000068cc00000, 0x000000068cc00000|100%|HC|  |TAMS 0x000000068cc00000, 0x000000068c800000| Complete 
| 551|0x000000068cc00000, 0x000000068d000000, 0x000000068d000000|100%|HC|  |TAMS 0x000000068d000000, 0x000000068cc00000| Complete 
| 552|0x000000068d000000, 0x000000068d400000, 0x000000068d400000|100%|HC|  |TAMS 0x000000068d400000, 0x000000068d000000| Complete 
| 553|0x000000068d400000, 0x000000068d800000, 0x000000068d800000|100%|HC|  |TAMS 0x000000068d800000, 0x000000068d400000| Complete 
| 554|0x000000068d800000, 0x000000068dc00000, 0x000000068dc00000|100%|HC|  |TAMS 0x000000068dc00000, 0x000000068d800000| Complete 
| 555|0x000000068dc00000, 0x000000068e000000, 0x000000068e000000|100%|HC|  |TAMS 0x000000068e000000, 0x000000068dc00000| Complete 
| 556|0x000000068e000000, 0x000000068e400000, 0x000000068e400000|100%|HC|  |TAMS 0x000000068e400000, 0x000000068e000000| Complete 
| 557|0x000000068e400000, 0x000000068e800000, 0x000000068e800000|100%|HC|  |TAMS 0x000000068e800000, 0x000000068e400000| Complete 
| 558|0x000000068e800000, 0x000000068ec00000, 0x000000068ec00000|100%|HC|  |TAMS 0x000000068ec00000, 0x000000068e800000| Complete 
| 559|0x000000068ec00000, 0x000000068f000000, 0x000000068f000000|100%|HC|  |TAMS 0x000000068f000000, 0x000000068ec00000| Complete 
| 560|0x000000068f000000, 0x000000068f400000, 0x000000068f400000|100%|HC|  |TAMS 0x000000068f400000, 0x000000068f000000| Complete 
| 561|0x000000068f400000, 0x000000068f800000, 0x000000068f800000|100%|HC|  |TAMS 0x000000068f800000, 0x000000068f400000| Complete 
| 562|0x000000068f800000, 0x000000068fc00000, 0x000000068fc00000|100%|HC|  |TAMS 0x000000068fc00000, 0x000000068f800000| Complete 
| 563|0x000000068fc00000, 0x0000000690000000, 0x0000000690000000|100%|HC|  |TAMS 0x0000000690000000, 0x000000068fc00000| Complete 
| 564|0x0000000690000000, 0x0000000690400000, 0x0000000690400000|100%|HC|  |TAMS 0x0000000690400000, 0x0000000690000000| Complete 
| 565|0x0000000690400000, 0x0000000690800000, 0x0000000690800000|100%|HC|  |TAMS 0x0000000690800000, 0x0000000690400000| Complete 
| 566|0x0000000690800000, 0x0000000690c00000, 0x0000000690c00000|100%|HC|  |TAMS 0x0000000690c00000, 0x0000000690800000| Complete 
| 567|0x0000000690c00000, 0x0000000691000000, 0x0000000691000000|100%|HC|  |TAMS 0x0000000691000000, 0x0000000690c00000| Complete 
| 568|0x0000000691000000, 0x0000000691400000, 0x0000000691400000|100%|HC|  |TAMS 0x0000000691400000, 0x0000000691000000| Complete 
| 569|0x0000000691400000, 0x0000000691800000, 0x0000000691800000|100%|HC|  |TAMS 0x0000000691800000, 0x0000000691400000| Complete 
| 570|0x0000000691800000, 0x0000000691c00000, 0x0000000691c00000|100%|HC|  |TAMS 0x0000000691c00000, 0x0000000691800000| Complete 
| 571|0x0000000691c00000, 0x0000000692000000, 0x0000000692000000|100%|HC|  |TAMS 0x0000000692000000, 0x0000000691c00000| Complete 
| 572|0x0000000692000000, 0x0000000692400000, 0x0000000692400000|100%|HC|  |TAMS 0x0000000692400000, 0x0000000692000000| Complete 
| 573|0x0000000692400000, 0x0000000692800000, 0x0000000692800000|100%|HC|  |TAMS 0x0000000692800000, 0x0000000692400000| Complete 
| 574|0x0000000692800000, 0x0000000692c00000, 0x0000000692c00000|100%|HC|  |TAMS 0x0000000692c00000, 0x0000000692800000| Complete 
| 575|0x0000000692c00000, 0x0000000693000000, 0x0000000693000000|100%|HC|  |TAMS 0x0000000693000000, 0x0000000692c00000| Complete 
| 576|0x0000000693000000, 0x0000000693400000, 0x0000000693400000|100%|HC|  |TAMS 0x0000000693400000, 0x0000000693000000| Complete 
| 577|0x0000000693400000, 0x0000000693800000, 0x0000000693800000|100%|HC|  |TAMS 0x0000000693800000, 0x0000000693400000| Complete 
| 578|0x0000000693800000, 0x0000000693c00000, 0x0000000693c00000|100%|HC|  |TAMS 0x0000000693c00000, 0x0000000693800000| Complete 
| 579|0x0000000693c00000, 0x0000000694000000, 0x0000000694000000|100%|HC|  |TAMS 0x0000000694000000, 0x0000000693c00000| Complete 
| 580|0x0000000694000000, 0x0000000694400000, 0x0000000694400000|100%|HC|  |TAMS 0x0000000694400000, 0x0000000694000000| Complete 
| 581|0x0000000694400000, 0x0000000694800000, 0x0000000694800000|100%|HC|  |TAMS 0x0000000694800000, 0x0000000694400000| Complete 
| 582|0x0000000694800000, 0x0000000694c00000, 0x0000000694c00000|100%|HC|  |TAMS 0x0000000694c00000, 0x0000000694800000| Complete 
| 583|0x0000000694c00000, 0x0000000695000000, 0x0000000695000000|100%|HC|  |TAMS 0x0000000695000000, 0x0000000694c00000| Complete 
| 584|0x0000000695000000, 0x0000000695400000, 0x0000000695400000|100%|HC|  |TAMS 0x0000000695400000, 0x0000000695000000| Complete 
| 585|0x0000000695400000, 0x0000000695800000, 0x0000000695800000|100%|HC|  |TAMS 0x0000000695800000, 0x0000000695400000| Complete 
| 586|0x0000000695800000, 0x0000000695c00000, 0x0000000695c00000|100%|HC|  |TAMS 0x0000000695c00000, 0x0000000695800000| Complete 
| 587|0x0000000695c00000, 0x0000000696000000, 0x0000000696000000|100%|HC|  |TAMS 0x0000000696000000, 0x0000000695c00000| Complete 
| 588|0x0000000696000000, 0x0000000696400000, 0x0000000696400000|100%|HC|  |TAMS 0x0000000696400000, 0x0000000696000000| Complete 
| 589|0x0000000696400000, 0x0000000696800000, 0x0000000696800000|100%|HC|  |TAMS 0x0000000696800000, 0x0000000696400000| Complete 
| 590|0x0000000696800000, 0x0000000696c00000, 0x0000000696c00000|100%|HC|  |TAMS 0x0000000696c00000, 0x0000000696800000| Complete 
| 591|0x0000000696c00000, 0x0000000697000000, 0x0000000697000000|100%|HC|  |TAMS 0x0000000697000000, 0x0000000696c00000| Complete 
| 592|0x0000000697000000, 0x0000000697400000, 0x0000000697400000|100%|HC|  |TAMS 0x0000000697400000, 0x0000000697000000| Complete 
| 593|0x0000000697400000, 0x0000000697800000, 0x0000000697800000|100%|HC|  |TAMS 0x0000000697800000, 0x0000000697400000| Complete 
| 594|0x0000000697800000, 0x0000000697c00000, 0x0000000697c00000|100%|HC|  |TAMS 0x0000000697c00000, 0x0000000697800000| Complete 
| 595|0x0000000697c00000, 0x0000000698000000, 0x0000000698000000|100%|HC|  |TAMS 0x0000000698000000, 0x0000000697c00000| Complete 
| 596|0x0000000698000000, 0x0000000698400000, 0x0000000698400000|100%|HC|  |TAMS 0x0000000698400000, 0x0000000698000000| Complete 
| 597|0x0000000698400000, 0x0000000698800000, 0x0000000698800000|100%|HC|  |TAMS 0x0000000698800000, 0x0000000698400000| Complete 
| 598|0x0000000698800000, 0x0000000698c00000, 0x0000000698c00000|100%|HC|  |TAMS 0x0000000698c00000, 0x0000000698800000| Complete 
| 599|0x0000000698c00000, 0x0000000699000000, 0x0000000699000000|100%|HC|  |TAMS 0x0000000699000000, 0x0000000698c00000| Complete 
| 600|0x0000000699000000, 0x0000000699400000, 0x0000000699400000|100%|HC|  |TAMS 0x0000000699400000, 0x0000000699000000| Complete 
| 601|0x0000000699400000, 0x0000000699800000, 0x0000000699800000|100%|HC|  |TAMS 0x0000000699800000, 0x0000000699400000| Complete 
| 602|0x0000000699800000, 0x0000000699c00000, 0x0000000699c00000|100%|HC|  |TAMS 0x0000000699c00000, 0x0000000699800000| Complete 
| 603|0x0000000699c00000, 0x000000069a000000, 0x000000069a000000|100%|HC|  |TAMS 0x000000069a000000, 0x0000000699c00000| Complete 
| 604|0x000000069a000000, 0x000000069a400000, 0x000000069a400000|100%|HC|  |TAMS 0x000000069a400000, 0x000000069a000000| Complete 
| 605|0x000000069a400000, 0x000000069a800000, 0x000000069a800000|100%|HC|  |TAMS 0x000000069a800000, 0x000000069a400000| Complete 
| 606|0x000000069a800000, 0x000000069ac00000, 0x000000069ac00000|100%|HC|  |TAMS 0x000000069ac00000, 0x000000069a800000| Complete 
| 607|0x000000069ac00000, 0x000000069b000000, 0x000000069b000000|100%|HC|  |TAMS 0x000000069b000000, 0x000000069ac00000| Complete 
| 608|0x000000069b000000, 0x000000069b400000, 0x000000069b400000|100%|HC|  |TAMS 0x000000069b400000, 0x000000069b000000| Complete 
| 609|0x000000069b400000, 0x000000069b800000, 0x000000069b800000|100%|HC|  |TAMS 0x000000069b800000, 0x000000069b400000| Complete 
| 610|0x000000069b800000, 0x000000069bc00000, 0x000000069bc00000|100%|HC|  |TAMS 0x000000069bc00000, 0x000000069b800000| Complete 
| 611|0x000000069bc00000, 0x000000069c000000, 0x000000069c000000|100%|HC|  |TAMS 0x000000069c000000, 0x000000069bc00000| Complete 
| 612|0x000000069c000000, 0x000000069c400000, 0x000000069c400000|100%|HC|  |TAMS 0x000000069c400000, 0x000000069c000000| Complete 
| 613|0x000000069c400000, 0x000000069c800000, 0x000000069c800000|100%|HC|  |TAMS 0x000000069c800000, 0x000000069c400000| Complete 
| 614|0x000000069c800000, 0x000000069cc00000, 0x000000069cc00000|100%|HC|  |TAMS 0x000000069cc00000, 0x000000069c800000| Complete 
| 615|0x000000069cc00000, 0x000000069d000000, 0x000000069d000000|100%|HC|  |TAMS 0x000000069d000000, 0x000000069cc00000| Complete 
| 616|0x000000069d000000, 0x000000069d400000, 0x000000069d400000|100%|HC|  |TAMS 0x000000069d400000, 0x000000069d000000| Complete 
| 617|0x000000069d400000, 0x000000069d800000, 0x000000069d800000|100%|HC|  |TAMS 0x000000069d800000, 0x000000069d400000| Complete 
| 618|0x000000069d800000, 0x000000069dc00000, 0x000000069dc00000|100%|HC|  |TAMS 0x000000069dc00000, 0x000000069d800000| Complete 
| 619|0x000000069dc00000, 0x000000069e000000, 0x000000069e000000|100%|HC|  |TAMS 0x000000069e000000, 0x000000069dc00000| Complete 
| 620|0x000000069e000000, 0x000000069e400000, 0x000000069e400000|100%|HC|  |TAMS 0x000000069e400000, 0x000000069e000000| Complete 
| 621|0x000000069e400000, 0x000000069e800000, 0x000000069e800000|100%|HC|  |TAMS 0x000000069e800000, 0x000000069e400000| Complete 
| 622|0x000000069e800000, 0x000000069ec00000, 0x000000069ec00000|100%|HC|  |TAMS 0x000000069ec00000, 0x000000069e800000| Complete 
| 623|0x000000069ec00000, 0x000000069f000000, 0x000000069f000000|100%|HC|  |TAMS 0x000000069f000000, 0x000000069ec00000| Complete 
| 624|0x000000069f000000, 0x000000069f400000, 0x000000069f400000|100%|HC|  |TAMS 0x000000069f400000, 0x000000069f000000| Complete 
| 625|0x000000069f400000, 0x000000069f800000, 0x000000069f800000|100%|HC|  |TAMS 0x000000069f800000, 0x000000069f400000| Complete 
| 626|0x000000069f800000, 0x000000069fc00000, 0x000000069fc00000|100%|HC|  |TAMS 0x000000069fc00000, 0x000000069f800000| Complete 
| 627|0x000000069fc00000, 0x00000006a0000000, 0x00000006a0000000|100%|HC|  |TAMS 0x00000006a0000000, 0x000000069fc00000| Complete 
| 628|0x00000006a0000000, 0x00000006a0400000, 0x00000006a0400000|100%|HC|  |TAMS 0x00000006a0400000, 0x00000006a0000000| Complete 
| 629|0x00000006a0400000, 0x00000006a0800000, 0x00000006a0800000|100%|HC|  |TAMS 0x00000006a0800000, 0x00000006a0400000| Complete 
| 630|0x00000006a0800000, 0x00000006a0c00000, 0x00000006a0c00000|100%|HC|  |TAMS 0x00000006a0c00000, 0x00000006a0800000| Complete 
| 631|0x00000006a0c00000, 0x00000006a1000000, 0x00000006a1000000|100%|HC|  |TAMS 0x00000006a1000000, 0x00000006a0c00000| Complete 
| 632|0x00000006a1000000, 0x00000006a1400000, 0x00000006a1400000|100%|HC|  |TAMS 0x00000006a1400000, 0x00000006a1000000| Complete 
| 633|0x00000006a1400000, 0x00000006a1800000, 0x00000006a1800000|100%|HC|  |TAMS 0x00000006a1800000, 0x00000006a1400000| Complete 
| 634|0x00000006a1800000, 0x00000006a1c00000, 0x00000006a1c00000|100%|HC|  |TAMS 0x00000006a1c00000, 0x00000006a1800000| Complete 
| 635|0x00000006a1c00000, 0x00000006a2000000, 0x00000006a2000000|100%|HC|  |TAMS 0x00000006a2000000, 0x00000006a1c00000| Complete 
| 636|0x00000006a2000000, 0x00000006a2400000, 0x00000006a2400000|100%|HC|  |TAMS 0x00000006a2400000, 0x00000006a2000000| Complete 
| 637|0x00000006a2400000, 0x00000006a2800000, 0x00000006a2800000|100%|HC|  |TAMS 0x00000006a2800000, 0x00000006a2400000| Complete 
| 638|0x00000006a2800000, 0x00000006a2c00000, 0x00000006a2c00000|100%|HC|  |TAMS 0x00000006a2c00000, 0x00000006a2800000| Complete 
| 639|0x00000006a2c00000, 0x00000006a3000000, 0x00000006a3000000|100%|HC|  |TAMS 0x00000006a3000000, 0x00000006a2c00000| Complete 
| 640|0x00000006a3000000, 0x00000006a3400000, 0x00000006a3400000|100%|HC|  |TAMS 0x00000006a3400000, 0x00000006a3000000| Complete 
| 641|0x00000006a3400000, 0x00000006a3800000, 0x00000006a3800000|100%|HC|  |TAMS 0x00000006a3800000, 0x00000006a3400000| Complete 
| 642|0x00000006a3800000, 0x00000006a3c00000, 0x00000006a3c00000|100%|HC|  |TAMS 0x00000006a3c00000, 0x00000006a3800000| Complete 
| 643|0x00000006a3c00000, 0x00000006a4000000, 0x00000006a4000000|100%|HC|  |TAMS 0x00000006a4000000, 0x00000006a3c00000| Complete 
| 644|0x00000006a4000000, 0x00000006a4400000, 0x00000006a4400000|100%|HC|  |TAMS 0x00000006a4400000, 0x00000006a4000000| Complete 
| 645|0x00000006a4400000, 0x00000006a4800000, 0x00000006a4800000|100%|HC|  |TAMS 0x00000006a4800000, 0x00000006a4400000| Complete 
| 646|0x00000006a4800000, 0x00000006a4c00000, 0x00000006a4c00000|100%|HC|  |TAMS 0x00000006a4c00000, 0x00000006a4800000| Complete 
| 647|0x00000006a4c00000, 0x00000006a5000000, 0x00000006a5000000|100%|HC|  |TAMS 0x00000006a5000000, 0x00000006a4c00000| Complete 
| 648|0x00000006a5000000, 0x00000006a5400000, 0x00000006a5400000|100%|HC|  |TAMS 0x00000006a5400000, 0x00000006a5000000| Complete 
| 649|0x00000006a5400000, 0x00000006a5800000, 0x00000006a5800000|100%|HC|  |TAMS 0x00000006a5800000, 0x00000006a5400000| Complete 
| 650|0x00000006a5800000, 0x00000006a5c00000, 0x00000006a5c00000|100%|HC|  |TAMS 0x00000006a5c00000, 0x00000006a5800000| Complete 
| 651|0x00000006a5c00000, 0x00000006a6000000, 0x00000006a6000000|100%|HC|  |TAMS 0x00000006a6000000, 0x00000006a5c00000| Complete 
| 652|0x00000006a6000000, 0x00000006a6400000, 0x00000006a6400000|100%|HC|  |TAMS 0x00000006a6400000, 0x00000006a6000000| Complete 
| 653|0x00000006a6400000, 0x00000006a6800000, 0x00000006a6800000|100%|HC|  |TAMS 0x00000006a6800000, 0x00000006a6400000| Complete 
| 654|0x00000006a6800000, 0x00000006a6c00000, 0x00000006a6c00000|100%|HC|  |TAMS 0x00000006a6c00000, 0x00000006a6800000| Complete 
| 655|0x00000006a6c00000, 0x00000006a7000000, 0x00000006a7000000|100%|HC|  |TAMS 0x00000006a7000000, 0x00000006a6c00000| Complete 
| 656|0x00000006a7000000, 0x00000006a7400000, 0x00000006a7400000|100%|HC|  |TAMS 0x00000006a7400000, 0x00000006a7000000| Complete 
| 657|0x00000006a7400000, 0x00000006a7800000, 0x00000006a7800000|100%|HC|  |TAMS 0x00000006a7800000, 0x00000006a7400000| Complete 
| 658|0x00000006a7800000, 0x00000006a7c00000, 0x00000006a7c00000|100%|HC|  |TAMS 0x00000006a7c00000, 0x00000006a7800000| Complete 
| 659|0x00000006a7c00000, 0x00000006a8000000, 0x00000006a8000000|100%|HC|  |TAMS 0x00000006a8000000, 0x00000006a7c00000| Complete 
| 660|0x00000006a8000000, 0x00000006a8400000, 0x00000006a8400000|100%|HC|  |TAMS 0x00000006a8400000, 0x00000006a8000000| Complete 
| 661|0x00000006a8400000, 0x00000006a8800000, 0x00000006a8800000|100%|HC|  |TAMS 0x00000006a8800000, 0x00000006a8400000| Complete 
| 662|0x00000006a8800000, 0x00000006a8c00000, 0x00000006a8c00000|100%|HC|  |TAMS 0x00000006a8c00000, 0x00000006a8800000| Complete 
| 663|0x00000006a8c00000, 0x00000006a9000000, 0x00000006a9000000|100%|HC|  |TAMS 0x00000006a9000000, 0x00000006a8c00000| Complete 

Card table byte_map: [0x0000024d24d50000,0x0000024d25d40000] _byte_map_base: 0x0000024d21d38000

Marking Bits (Prev, Next): (CMBitMap*) 0x0000024d0c9eb410, (CMBitMap*) 0x0000024d0c9eb450
 Prev Bits: [0x0000024d26d30000, 0x0000024d2ec70000)
 Next Bits: [0x0000024d2ec70000, 0x0000024d36bb0000)

Polling page: 0x0000024d0c130000

Metaspace:

Usage:
  Non-class:      1.02 MB used.
      Class:     88.69 KB used.
       Both:      1.10 MB used.

Virtual space:
  Non-class space:       64.00 MB reserved,       1.06 MB (  2%) committed,  1 nodes.
      Class space:        1.00 GB reserved,     192.00 KB ( <1%) committed,  1 nodes.
             Both:        1.06 GB reserved,       1.25 MB ( <1%) committed. 

Chunk freelists:
   Non-Class:  3.95 MB
       Class:  3.73 MB
        Both:  7.68 MB

MaxMetaspaceSize: unlimited
CompressedClassSpaceSize: 1.00 GB
Initial GC threshold: 21.00 MB
Current GC threshold: 21.00 MB
CDS: on
MetaspaceReclaimPolicy: balanced
 - commit_granule_bytes: 65536.
 - commit_granule_words: 8192.
 - virtual_space_node_default_size: 8388608.
 - enlarge_chunks_in_place: 1.
 - new_chunks_are_fully_committed: 0.
 - uncommit_free_chunks: 1.
 - use_allocation_guard: 0.


Internal statistics:

num_allocs_failed_limit: 0.
num_arena_births: 30.
num_arena_deaths: 0.
num_vsnodes_births: 2.
num_vsnodes_deaths: 0.
num_space_committed: 20.
num_space_uncommitted: 0.
num_chunks_returned_to_freelist: 0.
num_chunks_taken_from_freelist: 37.
num_chunk_merges: 0.
num_chunk_splits: 22.
num_chunks_enlarged: 13.
num_inconsistent_stats: 0.

CodeHeap 'non-profiled nmethods': size=119168Kb used=217Kb max_used=217Kb free=118950Kb
 bounds [0x0000024d1be40000, 0x0000024d1c0b0000, 0x0000024d232a0000]
CodeHeap 'profiled nmethods': size=119104Kb used=474Kb max_used=474Kb free=118630Kb
 bounds [0x0000024d149f0000, 0x0000024d14c60000, 0x0000024d1be40000]
CodeHeap 'non-nmethods': size=7488Kb used=1142Kb max_used=2859Kb free=6346Kb
 bounds [0x0000024d142a0000, 0x0000024d14570000, 0x0000024d149f0000]
 total_blobs=802 nmethods=386 adapters=329
 compilation: enabled
              stopped_count=0, restarted_count=0
 full_count=0

Compilation events (20 events):
Event: 40.603 Thread 0x0000024d3e016190 nmethod 379 0x0000024d1be64e90 code [0x0000024d1be65020, 0x0000024d1be65278]
Event: 40.603 Thread 0x0000024d3e016190  380       4       java.util.ArrayList::iterator (9 bytes)
Event: 40.604 Thread 0x0000024d3e016190 nmethod 380 0x0000024d1be65310 code [0x0000024d1be654a0, 0x0000024d1be65598]
Event: 40.658 Thread 0x0000024d3e0133f0 nmethod 376 0x0000024d1be65690 code [0x0000024d1be659c0, 0x0000024d1be69a50]
Event: 40.663 Thread 0x0000024d3e0133f0  381 %     4       java.util.AbstractCollection::toString @ 32 (89 bytes)
Event: 40.671 Thread 0x0000024d3e014d50 nmethod 374 0x0000024d1be6c910 code [0x0000024d1be6cc60, 0x0000024d1be70f40]
Event: 40.691 Thread 0x0000024d3e0133f0 nmethod 381% 0x0000024d1be73a10 code [0x0000024d1be73c40, 0x0000024d1be756d0]
Event: 42.015 Thread 0x0000024d3e0133f0  382 %     4       java.lang.StringLatin1::inflate @ 3 (34 bytes)
Event: 42.016 Thread 0x0000024d3e015c80  383 %     3       java.lang.StringCoding::implEncodeAsciiArray @ 3 (47 bytes)
Event: 42.016 Thread 0x0000024d3e015c80 nmethod 383% 0x0000024d14a64c10 code [0x0000024d14a64dc0, 0x0000024d14a650f8]
Event: 42.016 Thread 0x0000024d3e015c80  384       3       java.lang.StringCoding::implEncodeAsciiArray (47 bytes)
Event: 42.016 Thread 0x0000024d3e015c80 nmethod 384 0x0000024d14a65290 code [0x0000024d14a65440, 0x0000024d14a65698]
Event: 42.016 Thread 0x0000024d3e015c80  385       1       java.nio.Buffer::position (5 bytes)
Event: 42.016 Thread 0x0000024d3e015c80 nmethod 385 0x0000024d1be76290 code [0x0000024d1be76420, 0x0000024d1be764f8]
Event: 42.017 Thread 0x0000024d3e015c80  387       3       java.nio.Buffer::position (52 bytes)
Event: 42.017 Thread 0x0000024d3e015c80 nmethod 387 0x0000024d14a65810 code [0x0000024d14a659c0, 0x0000024d14a65c48]
Event: 42.017 Thread 0x0000024d3e015c80  388       3       java.nio.ByteBuffer::arrayOffset (35 bytes)
Event: 42.017 Thread 0x0000024d3e015c80 nmethod 388 0x0000024d14a65d10 code [0x0000024d14a65ee0, 0x0000024d14a66158]
Event: 42.018 Thread 0x0000024d3e015c80  389       3       java.nio.CharBuffer::arrayOffset (35 bytes)
Event: 42.018 Thread 0x0000024d3e015c80 nmethod 389 0x0000024d14a66290 code [0x0000024d14a66460, 0x0000024d14a666d8]

GC Heap History (20 events):
Event: 40.687 GC heap before
{Heap before GC invocations=9 (full 0):
 garbage-first heap   total 593920K, used 370118K [0x0000000603000000, 0x0000000800000000)
  region size 4096K, 13 young (53248K), 1 survivors (4096K)
 Metaspace       used 1127K, committed 1280K, reserved 1114112K
  class space    used 88K, committed 192K, reserved 1048576K
}
Event: 40.688 GC heap after
{Heap after GC invocations=10 (full 0):
 garbage-first heap   total 593920K, used 300352K [0x0000000603000000, 0x0000000800000000)
  region size 4096K, 1 young (4096K), 1 survivors (4096K)
 Metaspace       used 1127K, committed 1280K, reserved 1114112K
  class space    used 88K, committed 192K, reserved 1048576K
}
Event: 40.750 GC heap before
{Heap before GC invocations=11 (full 0):
 garbage-first heap   total 593920K, used 443712K [0x0000000603000000, 0x0000000800000000)
  region size 4096K, 19 young (77824K), 1 survivors (4096K)
 Metaspace       used 1127K, committed 1280K, reserved 1114112K
  class space    used 88K, committed 192K, reserved 1048576K
}
Event: 40.751 GC heap after
{Heap after GC invocations=12 (full 0):
 garbage-first heap   total 593920K, used 333091K [0x0000000603000000, 0x0000000800000000)
  region size 4096K, 1 young (4096K), 1 survivors (4096K)
 Metaspace       used 1127K, committed 1280K, reserved 1114112K
  class space    used 88K, committed 192K, reserved 1048576K
}
Event: 40.765 GC heap before
{Heap before GC invocations=12 (full 0):
 garbage-first heap   total 593920K, used 398627K [0x0000000603000000, 0x0000000800000000)
  region size 4096K, 18 young (73728K), 1 survivors (4096K)
 Metaspace       used 1127K, committed 1280K, reserved 1114112K
  class space    used 88K, committed 192K, reserved 1048576K
}
Event: 40.766 GC heap after
{Heap after GC invocations=13 (full 0):
 garbage-first heap   total 593920K, used 333083K [0x0000000603000000, 0x0000000800000000)
  region size 4096K, 1 young (4096K), 1 survivors (4096K)
 Metaspace       used 1127K, committed 1280K, reserved 1114112K
  class space    used 88K, committed 192K, reserved 1048576K
}
Event: 40.849 GC heap before
{Heap before GC invocations=13 (full 0):
 garbage-first heap   total 978944K, used 599323K [0x0000000603000000, 0x0000000800000000)
  region size 4096K, 33 young (135168K), 1 survivors (4096K)
 Metaspace       used 1127K, committed 1280K, reserved 1114112K
  class space    used 88K, committed 192K, reserved 1048576K
}
Event: 40.851 GC heap after
{Heap after GC invocations=14 (full 0):
 garbage-first heap   total 978944K, used 398617K [0x0000000603000000, 0x0000000800000000)
  region size 4096K, 0 young (0K), 0 survivors (0K)
 Metaspace       used 1127K, committed 1280K, reserved 1114112K
  class space    used 88K, committed 192K, reserved 1048576K
}
Event: 40.902 GC heap before
{Heap before GC invocations=15 (full 0):
 garbage-first heap   total 978944K, used 513305K [0x0000000603000000, 0x0000000800000000)
  region size 4096K, 29 young (118784K), 0 survivors (0K)
 Metaspace       used 1127K, committed 1280K, reserved 1114112K
  class space    used 88K, committed 192K, reserved 1048576K
}
Event: 40.902 GC heap after
{Heap after GC invocations=16 (full 0):
 garbage-first heap   total 978944K, used 398619K [0x0000000603000000, 0x0000000800000000)
  region size 4096K, 1 young (4096K), 1 survivors (4096K)
 Metaspace       used 1127K, committed 1280K, reserved 1114112K
  class space    used 88K, committed 192K, reserved 1048576K
}
Event: 41.101 GC heap before
{Heap before GC invocations=16 (full 0):
 garbage-first heap   total 1126400K, used 1103131K [0x0000000603000000, 0x0000000800000000)
  region size 4096K, 108 young (442368K), 1 survivors (4096K)
 Metaspace       used 1127K, committed 1280K, reserved 1114112K
  class space    used 88K, committed 192K, reserved 1048576K
}
Event: 41.102 GC heap after
{Heap after GC invocations=17 (full 0):
 garbage-first heap   total 1126400K, used 529689K [0x0000000603000000, 0x0000000800000000)
  region size 4096K, 0 young (0K), 0 survivors (0K)
 Metaspace       used 1127K, committed 1280K, reserved 1114112K
  class space    used 88K, committed 192K, reserved 1048576K
}
Event: 41.113 GC heap before
{Heap before GC invocations=17 (full 0):
 garbage-first heap   total 1126400K, used 582937K [0x0000000603000000, 0x0000000800000000)
  region size 4096K, 14 young (57344K), 0 survivors (0K)
 Metaspace       used 1127K, committed 1280K, reserved 1114112K
  class space    used 88K, committed 192K, reserved 1048576K
}
Event: 41.114 GC heap after
{Heap after GC invocations=18 (full 0):
 garbage-first heap   total 1126400K, used 529691K [0x0000000603000000, 0x0000000800000000)
  region size 4096K, 1 young (4096K), 1 survivors (4096K)
 Metaspace       used 1127K, committed 1280K, reserved 1114112K
  class space    used 88K, committed 192K, reserved 1048576K
}
Event: 41.455 GC heap before
{Heap before GC invocations=19 (full 0):
 garbage-first heap   total 1781760K, used 1512731K [0x0000000603000000, 0x0000000800000000)
  region size 4096K, 111 young (454656K), 1 survivors (4096K)
 Metaspace       used 1127K, committed 1280K, reserved 1114112K
  class space    used 88K, committed 192K, reserved 1048576K
}
Event: 41.456 GC heap after
{Heap after GC invocations=20 (full 0):
 garbage-first heap   total 1781760K, used 795929K [0x0000000603000000, 0x0000000800000000)
  region size 4096K, 0 young (0K), 0 survivors (0K)
 Metaspace       used 1127K, committed 1280K, reserved 1114112K
  class space    used 88K, committed 192K, reserved 1048576K
}
Event: 41.556 GC heap before
{Heap before GC invocations=20 (full 0):
 garbage-first heap   total 1781760K, used 1332505K [0x0000000603000000, 0x0000000800000000)
  region size 4096K, 132 young (540672K), 0 survivors (0K)
 Metaspace       used 1127K, committed 1280K, reserved 1114112K
  class space    used 88K, committed 192K, reserved 1048576K
}
Event: 41.557 GC heap after
{Heap after GC invocations=21 (full 0):
 garbage-first heap   total 1781760K, used 795931K [0x0000000603000000, 0x0000000800000000)
  region size 4096K, 1 young (4096K), 1 survivors (4096K)
 Metaspace       used 1127K, committed 1280K, reserved 1114112K
  class space    used 88K, committed 192K, reserved 1048576K
}
Event: 41.937 GC heap before
{Heap before GC invocations=21 (full 0):
 garbage-first heap   total 2719744K, used 2016539K [0x0000000603000000, 0x0000000800000000)
  region size 4096K, 41 young (167936K), 1 survivors (4096K)
 Metaspace       used 1127K, committed 1280K, reserved 1114112K
  class space    used 88K, committed 192K, reserved 1048576K
}
Event: 41.938 GC heap after
{Heap after GC invocations=22 (full 0):
 garbage-first heap   total 2719744K, used 1324315K [0x0000000603000000, 0x0000000800000000)
  region size 4096K, 1 young (4096K), 1 survivors (4096K)
 Metaspace       used 1127K, committed 1280K, reserved 1114112K
  class space    used 88K, committed 192K, reserved 1048576K
}

Deoptimization events (16 events):
Event: 0.065 Thread 0x0000024d0c978ab0 Uncommon trap: trap_request=0xffffff45 fr.pc=0x0000024d1be50e38 relative=0x00000000000000b8
Event: 0.065 Thread 0x0000024d0c978ab0 Uncommon trap: reason=unstable_if action=reinterpret pc=0x0000024d1be50e38 method=java.lang.String.charAt(I)C @ 4 c2
Event: 0.065 Thread 0x0000024d0c978ab0 DEOPT PACKING pc=0x0000024d1be50e38 sp=0x000000b20a6ff2f0
Event: 0.065 Thread 0x0000024d0c978ab0 DEOPT UNPACKING pc=0x0000024d142f23a3 sp=0x000000b20a6ff290 mode 2
Event: 0.065 Thread 0x0000024d0c978ab0 Uncommon trap: trap_request=0xffffff45 fr.pc=0x0000024d1be49e38 relative=0x0000000000000098
Event: 0.065 Thread 0x0000024d0c978ab0 Uncommon trap: reason=unstable_if action=reinterpret pc=0x0000024d1be49e38 method=java.lang.String.isLatin1()Z @ 10 c2
Event: 0.065 Thread 0x0000024d0c978ab0 DEOPT PACKING pc=0x0000024d1be49e38 sp=0x000000b20a6fe680
Event: 0.065 Thread 0x0000024d0c978ab0 DEOPT UNPACKING pc=0x0000024d142f23a3 sp=0x000000b20a6fe5b0 mode 2
Event: 0.066 Thread 0x0000024d0c978ab0 Uncommon trap: trap_request=0xffffff45 fr.pc=0x0000024d1be4bb94 relative=0x0000000000000194
Event: 0.066 Thread 0x0000024d0c978ab0 Uncommon trap: reason=unstable_if action=reinterpret pc=0x0000024d1be4bb94 method=java.lang.String.equals(Ljava/lang/Object;)Z @ 33 c2
Event: 0.066 Thread 0x0000024d0c978ab0 DEOPT PACKING pc=0x0000024d1be4bb94 sp=0x000000b20a6ff570
Event: 0.066 Thread 0x0000024d0c978ab0 DEOPT UNPACKING pc=0x0000024d142f23a3 sp=0x000000b20a6ff510 mode 2
Event: 0.876 Thread 0x0000024d3e010fd0 Uncommon trap: trap_request=0xffffff45 fr.pc=0x0000024d1be53f90 relative=0x0000000000000170
Event: 0.876 Thread 0x0000024d3e010fd0 Uncommon trap: reason=unstable_if action=reinterpret pc=0x0000024d1be53f90 method=java.util.ArrayList.fastRemove([Ljava/lang/Object;I)V @ 19 c2
Event: 0.876 Thread 0x0000024d3e010fd0 DEOPT PACKING pc=0x0000024d1be53f90 sp=0x000000b20b0fe600
Event: 0.876 Thread 0x0000024d3e010fd0 DEOPT UNPACKING pc=0x0000024d142f23a3 sp=0x000000b20b0fe540 mode 2

Classes loaded (20 events):
Event: 0.866 Loading class java/util/LinkedHashMap$LinkedKeySet
Event: 0.866 Loading class java/util/LinkedHashMap$LinkedKeySet done
Event: 0.868 Loading class java/time/zone/ZoneRulesProvider
Event: 0.868 Loading class java/time/zone/ZoneRulesProvider done
Event: 0.868 Loading class java/time/zone/ZoneRulesProvider$1
Event: 0.868 Loading class java/time/zone/ZoneRulesProvider$1 done
Event: 0.868 Loading class java/time/zone/TzdbZoneRulesProvider
Event: 0.868 Loading class java/time/zone/TzdbZoneRulesProvider done
Event: 0.871 Loading class java/time/zone/Ser
Event: 0.871 Loading class java/io/Externalizable
Event: 0.871 Loading class java/io/Externalizable done
Event: 0.871 Loading class java/time/zone/Ser done
Event: 0.872 Loading class java/time/zone/ZoneOffsetTransition
Event: 0.872 Loading class java/time/zone/ZoneOffsetTransition done
Event: 0.875 Loading class sun/util/cldr/CLDRBaseLocaleDataMetaInfo$TZCanonicalIDMapHolder
Event: 0.875 Loading class sun/util/cldr/CLDRBaseLocaleDataMetaInfo$TZCanonicalIDMapHolder done
Event: 0.876 Loading class sun/util/resources/TimeZoneNames
Event: 0.876 Loading class sun/util/resources/TimeZoneNames done
Event: 0.876 Loading class sun/util/resources/TimeZoneNames_en
Event: 0.876 Loading class sun/util/resources/TimeZoneNames_en done

Classes unloaded (0 events):
No events

Classes redefined (0 events):
No events

Internal exceptions (4 events):
Event: 0.060 Thread 0x0000024d0c978ab0 Exception <a 'java/lang/NoSuchMethodError'{0x0000000622ee24a8}: 'void java.lang.invoke.DirectMethodHandle$Holder.invokeStatic(java.lang.Object, java.lang.Object, java.lang.Object)'> (0x0000000622ee24a8) 
thrown [s\open\src\hotspot\share\interpreter\linkResolver.cpp, line 766]
Event: 0.062 Thread 0x0000024d0c978ab0 Exception <a 'java/lang/NoSuchMethodError'{0x0000000622efb1c0}: 'java.lang.Object java.lang.invoke.Invokers$Holder.invokeExact_MT(java.lang.Object, java.lang.Object, java.lang.Object, java.lang.Object, java.lang.Object)'> (0x0000000622efb1c0) 
thrown [s\open\src\hotspot\share\interpreter\linkResolver.cpp, line 766]
Event: 0.069 Thread 0x0000024d3e215670 Exception <a 'java/lang/NoSuchMethodError'{0x0000000622fde2b0}: 'void java.lang.invoke.DirectMethodHandle$Holder.invokeStatic(java.lang.Object, java.lang.Object)'> (0x0000000622fde2b0) 
thrown [s\open\src\hotspot\share\interpreter\linkResolver.cpp, line 766]
Event: 0.877 Thread 0x0000024d3e010fd0 Exception <a 'java/lang/NoSuchMethodError'{0x0000000622b698f8}: 'java.lang.Object java.lang.invoke.Invokers$Holder.invokeExact_MT(java.lang.Object, java.lang.Object, java.lang.Object, java.lang.Object, java.lang.Object, java.lang.Object)'> (0x0000000622b698f8) 
thrown [s\open\src\hotspot\share\interpreter\linkResolver.cpp, line 766]

VM Operations (20 events):
Event: 40.851 Executing VM operation: G1CollectForAllocation done
Event: 40.870 Executing VM operation: G1Concurrent
Event: 40.870 Executing VM operation: G1Concurrent done
Event: 40.902 Executing VM operation: G1TryInitiateConcMark
Event: 40.902 Executing VM operation: G1TryInitiateConcMark done
Event: 41.101 Executing VM operation: G1CollectForAllocation
Event: 41.102 Executing VM operation: G1CollectForAllocation done
Event: 41.113 Executing VM operation: G1TryInitiateConcMark
Event: 41.114 Executing VM operation: G1TryInitiateConcMark done
Event: 41.181 Executing VM operation: G1Concurrent
Event: 41.337 Executing VM operation: G1Concurrent done
Event: 41.367 Executing VM operation: G1Concurrent
Event: 41.367 Executing VM operation: G1Concurrent done
Event: 41.455 Executing VM operation: G1CollectForAllocation
Event: 41.456 Executing VM operation: G1CollectForAllocation done
Event: 41.556 Executing VM operation: G1TryInitiateConcMark
Event: 41.557 Executing VM operation: G1TryInitiateConcMark done
Event: 41.937 Executing VM operation: G1TryInitiateConcMark
Event: 41.938 Executing VM operation: G1TryInitiateConcMark done
Event: 42.019 Executing VM operation: G1Concurrent

Events (20 events):
Event: 0.048 Loaded shared library C:\Program Files\Java\jdk-18.0.1\bin\zip.dll
Event: 0.051 Loaded shared library C:\Program Files\Java\jdk-18.0.1\bin\instrument.dll
Event: 0.056 Loaded shared library C:\Program Files\Java\jdk-18.0.1\bin\net.dll
Event: 0.058 Loaded shared library C:\Program Files\Java\jdk-18.0.1\bin\nio.dll
Event: 0.060 Loaded shared library C:\Program Files\Java\jdk-18.0.1\bin\zip.dll
Event: 0.065 Loaded shared library D:\Program Files\JetBrains\IntelliJ IDEA 2023.1\bin\breakgen64.dll
Event: 0.065 Thread 0x0000024d3e215670 Thread added: 0x0000024d3e215670
Event: 0.065 Thread 0x0000024d3e215b30 Thread added: 0x0000024d3e215b30
Event: 0.072 Thread 0x0000024d3e015770 Thread added: 0x0000024d3e015770
Event: 0.855 Thread 0x0000024d3e015770 Thread exited: 0x0000024d3e015770
Event: 0.860 Loaded shared library C:\Program Files\Java\jdk-18.0.1\bin\jimage.dll
Event: 0.869 Thread 0x0000024d3e0175d0 Thread added: 0x0000024d3e0175d0
Event: 2.400 Thread 0x0000024d3e014330 Thread exited: 0x0000024d3e014330
Event: 7.403 Thread 0x0000024d3e0175d0 Thread exited: 0x0000024d3e0175d0
Event: 7.403 Thread 0x0000024d3e0166a0 Thread exited: 0x0000024d3e0166a0
Event: 7.403 Thread 0x0000024d3e014840 Thread exited: 0x0000024d3e014840
Event: 40.584 Thread 0x0000024d3e014d50 Thread added: 0x0000024d3e014d50
Event: 40.584 Thread 0x0000024d3e016190 Thread added: 0x0000024d3e016190
Event: 42.015 Thread 0x0000024d3e016190 Thread exited: 0x0000024d3e016190
Event: 42.016 Thread 0x0000024d3e014d50 Thread exited: 0x0000024d3e014d50


Dynamic libraries:
0x00007ff7606b0000 - 0x00007ff7606c0000 	C:\Program Files\Java\jdk-18.0.1\bin\java.exe
0x00007ffd6ce30000 - 0x00007ffd6d047000 	C:\WINDOWS\SYSTEM32\ntdll.dll
0x00007ffd6c370000 - 0x00007ffd6c434000 	C:\WINDOWS\System32\KERNEL32.DLL
0x00007ffd6a2e0000 - 0x00007ffd6a69a000 	C:\WINDOWS\System32\KERNELBASE.dll
0x00007ffd6a110000 - 0x00007ffd6a221000 	C:\WINDOWS\System32\ucrtbase.dll
0x00007ffd64b80000 - 0x00007ffd64b98000 	C:\Program Files\Java\jdk-18.0.1\bin\jli.dll
0x00007ffd64b60000 - 0x00007ffd64b7a000 	C:\Program Files\Java\jdk-18.0.1\bin\VCRUNTIME140.dll
0x00007ffd6cb40000 - 0x00007ffd6cbf2000 	C:\WINDOWS\System32\ADVAPI32.dll
0x00007ffd6b7b0000 - 0x00007ffd6b857000 	C:\WINDOWS\System32\msvcrt.dll
0x00007ffd6ab40000 - 0x00007ffd6abe7000 	C:\WINDOWS\System32\sechost.dll
0x00007ffd6a810000 - 0x00007ffd6a838000 	C:\WINDOWS\System32\bcrypt.dll
0x00007ffd6b690000 - 0x00007ffd6b7a4000 	C:\WINDOWS\System32\RPCRT4.dll
0x00007ffd6abf0000 - 0x00007ffd6ad9e000 	C:\WINDOWS\System32\USER32.dll
0x00007ffd6a2b0000 - 0x00007ffd6a2d6000 	C:\WINDOWS\System32\win32u.dll
0x00007ffd6c480000 - 0x00007ffd6c4a9000 	C:\WINDOWS\System32\GDI32.dll
0x00007ffd6a8e0000 - 0x00007ffd6a9fb000 	C:\WINDOWS\System32\gdi32full.dll
0x00007ffd6a840000 - 0x00007ffd6a8da000 	C:\WINDOWS\System32\msvcp_win.dll
0x00007ffd5a2f0000 - 0x00007ffd5a582000 	C:\WINDOWS\WinSxS\amd64_microsoft.windows.common-controls_6595b64144ccf1df_6.0.22621.4541_none_2710d1c57384c085\COMCTL32.dll
0x00007ffd5eed0000 - 0x00007ffd5eeda000 	C:\WINDOWS\SYSTEM32\VERSION.dll
0x00007ffd6c440000 - 0x00007ffd6c471000 	C:\WINDOWS\System32\IMM32.DLL
0x00007ffd64b50000 - 0x00007ffd64b5c000 	C:\Program Files\Java\jdk-18.0.1\bin\vcruntime140_1.dll
0x00007ffd44eb0000 - 0x00007ffd44f3d000 	C:\Program Files\Java\jdk-18.0.1\bin\msvcp140.dll
0x00007ffcb62c0000 - 0x00007ffcb6ed0000 	C:\Program Files\Java\jdk-18.0.1\bin\server\jvm.dll
0x00007ffd6b340000 - 0x00007ffd6b348000 	C:\WINDOWS\System32\PSAPI.DLL
0x00007ffd43a60000 - 0x00007ffd43a69000 	C:\WINDOWS\SYSTEM32\WSOCK32.dll
0x00007ffd6ada0000 - 0x00007ffd6ae11000 	C:\WINDOWS\System32\WS2_32.dll
0x00007ffd63a90000 - 0x00007ffd63ac4000 	C:\WINDOWS\SYSTEM32\WINMM.dll
0x00007ffd69240000 - 0x00007ffd69258000 	C:\WINDOWS\SYSTEM32\kernel.appcore.dll
0x00007ffd64b40000 - 0x00007ffd64b4a000 	C:\Program Files\Java\jdk-18.0.1\bin\jimage.dll
0x00007ffd67940000 - 0x00007ffd67b72000 	C:\WINDOWS\SYSTEM32\DBGHELP.DLL
0x00007ffd6ae20000 - 0x00007ffd6b1af000 	C:\WINDOWS\System32\combase.dll
0x00007ffd6b1b0000 - 0x00007ffd6b287000 	C:\WINDOWS\System32\OLEAUT32.dll
0x00007ffd41250000 - 0x00007ffd41282000 	C:\WINDOWS\SYSTEM32\dbgcore.DLL
0x00007ffd6aa00000 - 0x00007ffd6aa7b000 	C:\WINDOWS\System32\bcryptPrimitives.dll
0x00007ffd64ad0000 - 0x00007ffd64ade000 	C:\Program Files\Java\jdk-18.0.1\bin\instrument.dll
0x00007ffd64b00000 - 0x00007ffd64b25000 	C:\Program Files\Java\jdk-18.0.1\bin\java.dll
0x00007ffd25450000 - 0x00007ffd25526000 	C:\Program Files\Java\jdk-18.0.1\bin\jsvml.dll
0x00007ffd6b860000 - 0x00007ffd6c0d8000 	C:\WINDOWS\System32\SHELL32.dll
0x00007ffd68060000 - 0x00007ffd68968000 	C:\WINDOWS\SYSTEM32\windows.storage.dll
0x00007ffd67ef0000 - 0x00007ffd6802f000 	C:\WINDOWS\SYSTEM32\wintypes.dll
0x00007ffd6b3c0000 - 0x00007ffd6b4ba000 	C:\WINDOWS\System32\SHCORE.dll
0x00007ffd6b360000 - 0x00007ffd6b3be000 	C:\WINDOWS\System32\shlwapi.dll
0x00007ffd6a040000 - 0x00007ffd6a06b000 	C:\WINDOWS\SYSTEM32\profapi.dll
0x00007ffd63250000 - 0x00007ffd63268000 	C:\Program Files\Java\jdk-18.0.1\bin\zip.dll
0x00007ffd64ae0000 - 0x00007ffd64af3000 	C:\Program Files\Java\jdk-18.0.1\bin\net.dll
0x00007ffd64300000 - 0x00007ffd64436000 	C:\WINDOWS\SYSTEM32\WINHTTP.dll
0x00007ffd696c0000 - 0x00007ffd69729000 	C:\WINDOWS\system32\mswsock.dll
0x00007ffd632c0000 - 0x00007ffd632d6000 	C:\Program Files\Java\jdk-18.0.1\bin\nio.dll
0x00007ffd60c50000 - 0x00007ffd60c6a000 	D:\Program Files\JetBrains\IntelliJ IDEA 2023.1\bin\breakgen64.dll

dbghelp: loaded successfully - version: 4.0.5 - missing functions: none
symbol engine: initialized successfully - sym options: 0x614 - pdb path: .;C:\Program Files\Java\jdk-18.0.1\bin;C:\WINDOWS\SYSTEM32;C:\WINDOWS\WinSxS\amd64_microsoft.windows.common-controls_6595b64144ccf1df_6.0.22621.4541_none_2710d1c57384c085;C:\Program Files\Java\jdk-18.0.1\bin\server;D:\Program Files\JetBrains\IntelliJ IDEA 2023.1\bin

VM Arguments:
jvm_args: -javaagent:D:\Program Files\JetBrains\IntelliJ IDEA 2023.1\lib\idea_rt.jar=61994:D:\Program Files\JetBrains\IntelliJ IDEA 2023.1\bin -Dfile.encoding=UTF-8 -Dsun.stdout.encoding=UTF-8 -Dsun.stderr.encoding=UTF-8 
java_command: Q51n皇后
java_class_path (initial): E:\Code\java\leetcode\out\production\leetcode12
Launcher Type: SUN_STANDARD

[Global flags]
     intx CICompilerCount                          = 12                                        {product} {ergonomic}
     uint ConcGCThreads                            = 4                                         {product} {ergonomic}
     uint G1ConcRefinementThreads                  = 15                                        {product} {ergonomic}
   size_t G1HeapRegionSize                         = 4194304                                   {product} {ergonomic}
    uintx GCDrainStackTargetSize                   = 64                                        {product} {ergonomic}
   size_t InitialHeapSize                          = 536870912                                 {product} {ergonomic}
   size_t MarkStackSize                            = 4194304                                   {product} {ergonomic}
   size_t MaxHeapSize                              = 8539602944                                {product} {ergonomic}
   size_t MaxNewSize                               = 5121245184                                {product} {ergonomic}
   size_t MinHeapDeltaBytes                        = 4194304                                   {product} {ergonomic}
   size_t MinHeapSize                              = 8388608                                   {product} {ergonomic}
    uintx NonNMethodCodeHeapSize                   = 7602480                                {pd product} {ergonomic}
    uintx NonProfiledCodeHeapSize                  = 122027880                              {pd product} {ergonomic}
    uintx ProfiledCodeHeapSize                     = 122027880                              {pd product} {ergonomic}
    uintx ReservedCodeCacheSize                    = 251658240                              {pd product} {ergonomic}
     bool SegmentedCodeCache                       = true                                      {product} {ergonomic}
   size_t SoftMaxHeapSize                          = 8539602944                             {manageable} {ergonomic}
     bool UseCompressedClassPointers               = true                           {product lp64_product} {ergonomic}
     bool UseCompressedOops                        = true                           {product lp64_product} {ergonomic}
     bool UseG1GC                                  = true                                      {product} {ergonomic}
     bool UseLargePagesIndividualAllocation        = false                                  {pd product} {ergonomic}

Logging:
Log output configuration:
 #0: stdout all=warning uptime,level,tags foldmultilines=false
 #1: stderr all=off uptime,level,tags foldmultilines=false

Environment Variables:
JAVA_HOME=C:\Program Files\Java\jdk-11
PATH=C:\Program Files\Java\jdk-11\bin;E:\Program Files\VMware\VMware Workstation\bin\;C:\Program Files\NVIDIA GPU Computing Toolkit\CUDA\v11.6\bin;C:\Program Files\NVIDIA GPU Computing Toolkit\CUDA\v11.6\libnvvp;E:\Program Files\Python311\Scripts\;E:\Program Files\Python311\;C:\Program Files (x86)\Common Files\Oracle\Java\javapath;C:\Program Files\Common Files\Oracle\Java\javapath;C:\Windows\system32;C:\Windows;C:\Windows\System32\Wbem;C:\Windows\System32\WindowsPowerShell\v1.0\;C:\Windows\System32\OpenSSH\;C:\Program Files (x86)\NVIDIA Corporation\PhysX\Common;C:\WINDOWS\system32;C:\WINDOWS;C:\WINDOWS\System32\Wbem;C:\WINDOWS\System32\WindowsPowerShell\v1.0\;C:\WINDOWS\System32\OpenSSH\;F:\Xshell\Xshell 7\;F:\Xshell\Xftp 7\;F:\Git\cmd;F:\tomcat\apache-tomcat-8.5.81\bin;C:\ProgramData\chocolatey\bin;C:\Program Files\dotnet\;C:\MinGW\bin;C:\WINDOWS\system32;C:\WINDOWS;C:\WINDOWS\System32\Wbem;C:\WINDOWS\System32\WindowsPowerShell\v1.0\;C:\WINDOWS\System32\OpenSSH\;E:\Program Files\Gpg4win\..\GnuPG\bin;E:\Projects\chromedriver.exe;C:\Program Files (x86)\NetSarang\Xshell 7\;D:\Programs\Xshell\;C:\Program Files\NVIDIA Corporation\Nsight Compute 2022.1.0\;C:\Program Files\NVIDIA Corporation\NVIDIA NvDLISR;C:\Program Files\Git\cmd;C:\Program Files\MySQL\MySQL Server 8.0\bin;E:\Program Files\Tencent\微信web开发者工具\dll;E:\Program Files\apache-maven-3.8.8\bin;%JAVA_HOME\jre\bin;E:\Program Files\NodeJS;E:\Program Files\mingw\bin;C:\Program Files\MySQL\MySQL Shell 8.0\bin\;C:\Users\guoyiyang\AppData\Local\Microsoft\WindowsApps;F:\java\IntelliJ IDEA Community Edition 2022.1\bin;;C:\Users\guoyiyang\AppData\Local\Programs\Microsoft VS Code\bin;C:\Users\guoyiyang\.dotnet\tools;E:\Program Files\PyCharm 2022.3.2\bin;;G:\pycharm\PyCharm Community Edition 2024.1\bin;;C:\Users\guoyiyang\AppData\Roaming\npm;C:\Users\guoyiyang\AppData\Local\GitHubDesktop\bin;D:\Tencent\QQGameTempest\Hall.58158\;E:\Program Files\cpolar\
USERNAME=gcc
OS=Windows_NT
PROCESSOR_IDENTIFIER=Intel64 Family 6 Model 154 Stepping 3, GenuineIntel



---------------  S Y S T E M  ---------------

OS:
 Windows 11 , 64 bit Build 22621 (10.0.22621.4391)
OS uptime: 9 days 13:18 hours

CPU: total 20 (initial active 20) (10 cores per cpu, 2 threads per core) family 6 model 154 stepping 3 microcode 0x413, cx8, cmov, fxsr, ht, mmx, 3dnowpref, sse, sse2, sse3, ssse3, sse4.1, sse4.2, popcnt, lzcnt, tsc, tscinvbit, avx, avx2, aes, erms, clmul, bmi1, bmi2, adx, sha, fma, vzeroupper, clflush, clflushopt, clwb, serialize

Memory: 4k page, system-wide physical 32560M (3904M free)
TotalPageFile size 51416M (AvailPageFile size 150M)
current process WorkingSet (physical memory assigned to process): 2726M, peak: 2726M
current process commit charge ("private bytes"): 2866M, peak: 3318M

vm_info: Java HotSpot(TM) 64-Bit Server VM (18.0.1+10-24) for windows-amd64 JRE (18.0.1+10-24), built on Mar  9 2022 22:41:56 by "mach5one" with MS VC++ 16.8 / 16.9 (VS2019)

END.
